-- MySQL dump 10.13  Distrib 8.0.34, for macos13 (arm64)
--
-- Host: localhost    Database: delivery_batch
-- ------------------------------------------------------
-- Server version	8.0.34

/*!40101 SET @OLD_CHARACTER_SET_CLIENT=@@CHARACTER_SET_CLIENT */;
/*!40101 SET @OLD_CHARACTER_SET_RESULTS=@@CHARACTER_SET_RESULTS */;
/*!40101 SET @OLD_COLLATION_CONNECTION=@@COLLATION_CONNECTION */;
/*!50503 SET NAMES utf8mb4 */;
/*!40103 SET @OLD_TIME_ZONE=@@TIME_ZONE */;
/*!40103 SET TIME_ZONE='+00:00' */;
/*!40014 SET @OLD_UNIQUE_CHECKS=@@UNIQUE_CHECKS, UNIQUE_CHECKS=0 */;
/*!40014 SET @OLD_FOREIGN_KEY_CHECKS=@@FOREIGN_KEY_CHECKS, FOREIGN_KEY_CHECKS=0 */;
/*!40101 SET @OLD_SQL_MODE=@@SQL_MODE, SQL_MODE='NO_AUTO_VALUE_ON_ZERO' */;
/*!40111 SET @OLD_SQL_NOTES=@@SQL_NOTES, SQL_NOTES=0 */;

--
-- Table structure for table `BATCH_JOB_EXECUTION`
--

DROP TABLE IF EXISTS `BATCH_JOB_EXECUTION`;
/*!40101 SET @saved_cs_client     = @@character_set_client */;
/*!50503 SET character_set_client = utf8mb4 */;
CREATE TABLE `BATCH_JOB_EXECUTION` (
  `JOB_EXECUTION_ID` bigint NOT NULL,
  `VERSION` bigint DEFAULT NULL,
  `JOB_INSTANCE_ID` bigint NOT NULL,
  `CREATE_TIME` datetime(6) NOT NULL,
  `START_TIME` datetime(6) DEFAULT NULL,
  `END_TIME` datetime(6) DEFAULT NULL,
  `STATUS` varchar(10) DEFAULT NULL,
  `EXIT_CODE` varchar(2500) DEFAULT NULL,
  `EXIT_MESSAGE` varchar(2500) DEFAULT NULL,
  `LAST_UPDATED` datetime(6) DEFAULT NULL,
  PRIMARY KEY (`JOB_EXECUTION_ID`),
  KEY `JOB_INST_EXEC_FK` (`JOB_INSTANCE_ID`),
  CONSTRAINT `JOB_INST_EXEC_FK` FOREIGN KEY (`JOB_INSTANCE_ID`) REFERENCES `BATCH_JOB_INSTANCE` (`JOB_INSTANCE_ID`)
) ENGINE=InnoDB DEFAULT CHARSET=utf8mb4 COLLATE=utf8mb4_0900_ai_ci;
/*!40101 SET character_set_client = @saved_cs_client */;

--
-- Dumping data for table `BATCH_JOB_EXECUTION`
--

LOCK TABLES `BATCH_JOB_EXECUTION` WRITE;
/*!40000 ALTER TABLE `BATCH_JOB_EXECUTION` DISABLE KEYS */;
INSERT INTO `BATCH_JOB_EXECUTION` VALUES (1,2,1,'2023-11-17 23:12:42.923055','2023-11-17 23:12:42.945121','2023-11-17 23:12:43.012692','COMPLETED','COMPLETED','','2023-11-17 23:12:43.015208'),(2,2,2,'2023-11-17 23:16:28.807502','2023-11-17 23:16:28.826585','2023-11-17 23:16:28.888192','FAILED','FAILED','org.springframework.beans.factory.BeanCreationException: Error creating bean with name \'scopedTarget.menuRowItemReader\' defined in class path resource [com/fastcampus/deliverycatalogbatch/config/jobs/menu/ExcelBatchJobConfiguration.class]: Failed to instantiate [org.springframework.batch.item.ItemReader]: Factory method \'menuRowItemReader\' threw exception with message: 엑셀 파일을 찾을 수 없습니다.\n	at org.springframework.beans.factory.support.ConstructorResolver.instantiate(ConstructorResolver.java:654)\n	at org.springframework.beans.factory.support.ConstructorResolver.instantiateUsingFactoryMethod(ConstructorResolver.java:642)\n	at org.springframework.beans.factory.support.AbstractAutowireCapableBeanFactory.instantiateUsingFactoryMethod(AbstractAutowireCapableBeanFactory.java:1332)\n	at org.springframework.beans.factory.support.AbstractAutowireCapableBeanFactory.createBeanInstance(AbstractAutowireCapableBeanFactory.java:1162)\n	at org.springframework.beans.factory.support.AbstractAutowireCapableBeanFactory.doCreateBean(AbstractAutowireCapableBeanFactory.java:560)\n	at org.springframework.beans.factory.support.AbstractAutowireCapableBeanFactory.createBean(AbstractAutowireCapableBeanFactory.java:520)\n	at org.springframework.beans.factory.support.AbstractBeanFactory.lambda$doGetBean$1(AbstractBeanFactory.java:364)\n	at org.springframework.batch.core.scope.JobScope.get(JobScope.java:105)\n	at org.springframework.beans.factory.support.AbstractBeanFactory.doGetBean(AbstractBeanFactory.java:361)\n	at org.springframework.beans.factory.support.AbstractBeanFactory.getBean(AbstractBeanFactory.java:199)\n	at org.springframework.aop.target.SimpleBeanTargetSource.getTarget(SimpleBeanTargetSource.java:35)\n	at org.springframework.aop.framework.JdkDynamicAopProxy.invoke(JdkDynamicAopProxy.java:224)\n	at jdk.proxy3/jdk.proxy3.$Proxy48.read(Unknown Source)\n	at org.springframework.batch.core.step.item.SimpleChunkProvider.doRead(SimpleChunkProvider.java:108)\n	at org.springframework.batch.core.step.item.SimpleChunkProvider.read(SimpleChunkProvider.java:182)\n	at org.springframework.batch.core.step.item.SimpleChunkProvider.lambda$provide$0(SimpleChunkProvider.java:132)\n	at org.springframework.batch.repeat.support.RepeatTemplate.getNextResult(RepeatTemplate.java:362)\n	at org.springframework.batch.repeat.support.RepeatTemplate.executeInternal(RepeatTemplate.java:206)\n	at org.springframework.batch.repeat.support.RepeatTemplate.iterate(RepeatTemplate.java:140)\n	at org.springframework.batch.core.step.ite','2023-11-17 23:16:28.890241'),(3,2,3,'2023-11-17 23:25:34.986595','2023-11-17 23:25:35.027284','2023-11-17 23:25:35.147565','FAILED','FAILED','org.springframework.beans.factory.BeanCreationException: Error creating bean with name \'scopedTarget.menuRowItemReader\' defined in class path resource [com/fastcampus/deliverycatalogbatch/config/jobs/menu/ExcelBatchJobConfiguration.class]: Failed to instantiate [org.springframework.batch.item.ItemReader]: Factory method \'menuRowItemReader\' threw exception with message: 엑셀 파일을 찾을 수 없습니다.\n	at org.springframework.beans.factory.support.ConstructorResolver.instantiate(ConstructorResolver.java:654)\n	at org.springframework.beans.factory.support.ConstructorResolver.instantiateUsingFactoryMethod(ConstructorResolver.java:642)\n	at org.springframework.beans.factory.support.AbstractAutowireCapableBeanFactory.instantiateUsingFactoryMethod(AbstractAutowireCapableBeanFactory.java:1332)\n	at org.springframework.beans.factory.support.AbstractAutowireCapableBeanFactory.createBeanInstance(AbstractAutowireCapableBeanFactory.java:1162)\n	at org.springframework.beans.factory.support.AbstractAutowireCapableBeanFactory.doCreateBean(AbstractAutowireCapableBeanFactory.java:560)\n	at org.springframework.beans.factory.support.AbstractAutowireCapableBeanFactory.createBean(AbstractAutowireCapableBeanFactory.java:520)\n	at org.springframework.beans.factory.support.AbstractBeanFactory.lambda$doGetBean$1(AbstractBeanFactory.java:364)\n	at org.springframework.batch.core.scope.JobScope.get(JobScope.java:105)\n	at org.springframework.beans.factory.support.AbstractBeanFactory.doGetBean(AbstractBeanFactory.java:361)\n	at org.springframework.beans.factory.support.AbstractBeanFactory.getBean(AbstractBeanFactory.java:199)\n	at org.springframework.aop.target.SimpleBeanTargetSource.getTarget(SimpleBeanTargetSource.java:35)\n	at org.springframework.aop.framework.JdkDynamicAopProxy.invoke(JdkDynamicAopProxy.java:224)\n	at jdk.proxy3/jdk.proxy3.$Proxy48.read(Unknown Source)\n	at org.springframework.batch.core.step.item.SimpleChunkProvider.doRead(SimpleChunkProvider.java:108)\n	at org.springframework.batch.core.step.item.SimpleChunkProvider.read(SimpleChunkProvider.java:182)\n	at org.springframework.batch.core.step.item.SimpleChunkProvider.lambda$provide$0(SimpleChunkProvider.java:132)\n	at org.springframework.batch.repeat.support.RepeatTemplate.getNextResult(RepeatTemplate.java:362)\n	at org.springframework.batch.repeat.support.RepeatTemplate.executeInternal(RepeatTemplate.java:206)\n	at org.springframework.batch.repeat.support.RepeatTemplate.iterate(RepeatTemplate.java:140)\n	at org.springframework.batch.core.step.ite','2023-11-17 23:25:35.154887'),(4,2,1,'2023-11-17 23:32:20.264425','2023-11-17 23:32:20.291173','2023-11-17 23:32:20.300796','FAILED','FAILED','org.springframework.beans.factory.support.ScopeNotActiveException: Error creating bean with name \'scopedTarget.helloStep\': Scope \'step\' is not active for the current thread; consider defining a scoped proxy for this bean if you intend to refer to it from a singleton\n	at org.springframework.beans.factory.support.AbstractBeanFactory.doGetBean(AbstractBeanFactory.java:373)\n	at org.springframework.beans.factory.support.AbstractBeanFactory.getBean(AbstractBeanFactory.java:199)\n	at org.springframework.aop.target.SimpleBeanTargetSource.getTarget(SimpleBeanTargetSource.java:35)\n	at org.springframework.aop.framework.JdkDynamicAopProxy.invoke(JdkDynamicAopProxy.java:224)\n	at jdk.proxy3/jdk.proxy3.$Proxy48.getName(Unknown Source)\n	at org.springframework.batch.core.job.SimpleStepHandler.handleStep(SimpleStepHandler.java:115)\n	at org.springframework.batch.core.job.AbstractJob.handleStep(AbstractJob.java:418)\n	at org.springframework.batch.core.job.SimpleJob.doExecute(SimpleJob.java:132)\n	at org.springframework.batch.core.job.AbstractJob.execute(AbstractJob.java:317)\n	at org.springframework.batch.core.launch.support.SimpleJobLauncher$1.run(SimpleJobLauncher.java:157)\n	at org.springframework.core.task.SyncTaskExecutor.execute(SyncTaskExecutor.java:50)\n	at org.springframework.batch.core.launch.support.SimpleJobLauncher.run(SimpleJobLauncher.java:148)\n	at org.springframework.batch.core.launch.support.TaskExecutorJobLauncher.run(TaskExecutorJobLauncher.java:59)\n	at org.springframework.boot.autoconfigure.batch.JobLauncherApplicationRunner.execute(JobLauncherApplicationRunner.java:211)\n	at org.springframework.boot.autoconfigure.batch.JobLauncherApplicationRunner.executeLocalJobs(JobLauncherApplicationRunner.java:195)\n	at org.springframework.boot.autoconfigure.batch.JobLauncherApplicationRunner.launchJobFromProperties(JobLauncherApplicationRunner.java:175)\n	at org.springframework.boot.autoconfigure.batch.JobLauncherApplicationRunner.run(JobLauncherApplicationRunner.java:170)\n	at org.springframework.boot.autoconfigure.batch.JobLauncherApplicationRunner.run(JobLauncherApplicationRunner.java:165)\n	at org.springframework.boot.SpringApplication.callRunner(SpringApplication.java:762)\n	at org.springframework.boot.SpringApplication.lambda$callRunners$3(SpringApplication.java:752)\n	at java.base/java.util.stream.ForEachOps$ForEachOp$OfRef.accept(ForEachOps.java:183)\n	at java.base/java.util.stream.SortedOps$SizedRefSortingSink.end(SortedOps.java:357)\n	at java.base/java.util.stream.Abstrac','2023-11-17 23:32:20.303539'),(5,2,1,'2023-11-17 23:51:44.861118','2023-11-17 23:51:44.901049','2023-11-17 23:51:44.928602','COMPLETED','NOOP','All steps already completed or no steps configured for this job.','2023-11-17 23:51:44.930688'),(6,2,4,'2023-11-17 23:52:49.522044','2023-11-17 23:52:49.552881','2023-11-17 23:52:49.648353','COMPLETED','COMPLETED','','2023-11-17 23:52:49.650383'),(7,2,5,'2023-11-17 23:55:27.425966','2023-11-17 23:55:27.446046','2023-11-17 23:55:27.512253','FAILED','FAILED','java.lang.NullPointerException: Cannot invoke \"org.apache.poi.ss.usermodel.Workbook.getNumberOfSheets()\" because \"this.workbook\" is null\n	at org.springframework.batch.extensions.excel.poi.PoiItemReader.getNumberOfSheets(PoiItemReader.java:56)\n	at org.springframework.batch.extensions.excel.AbstractExcelItemReader.nextSheet(AbstractExcelItemReader.java:178)\n	at org.springframework.batch.extensions.excel.AbstractExcelItemReader.doRead(AbstractExcelItemReader.java:97)\n	at org.springframework.batch.item.support.AbstractItemCountingItemStreamItemReader.read(AbstractItemCountingItemStreamItemReader.java:95)\n	at org.springframework.batch.extensions.excel.AbstractExcelItemReader.read(AbstractExcelItemReader.java:75)\n	at com.fastcampus.deliverycatalogbatch.config.jobs.menu.ExcelItemReader.read(ExcelMenuReader.kt:24)\n	at java.base/jdk.internal.reflect.NativeMethodAccessorImpl.invoke0(Native Method)\n	at java.base/jdk.internal.reflect.NativeMethodAccessorImpl.invoke(NativeMethodAccessorImpl.java:77)\n	at java.base/jdk.internal.reflect.DelegatingMethodAccessorImpl.invoke(DelegatingMethodAccessorImpl.java:43)\n	at java.base/java.lang.reflect.Method.invoke(Method.java:568)\n	at org.springframework.aop.support.AopUtils.invokeJoinpointUsingReflection(AopUtils.java:343)\n	at org.springframework.aop.framework.ReflectiveMethodInvocation.invokeJoinpoint(ReflectiveMethodInvocation.java:196)\n	at org.springframework.aop.framework.ReflectiveMethodInvocation.proceed(ReflectiveMethodInvocation.java:163)\n	at org.springframework.aop.support.DelegatingIntroductionInterceptor.doProceed(DelegatingIntroductionInterceptor.java:137)\n	at org.springframework.aop.support.DelegatingIntroductionInterceptor.invoke(DelegatingIntroductionInterceptor.java:124)\n	at org.springframework.aop.framework.ReflectiveMethodInvocation.proceed(ReflectiveMethodInvocation.java:184)\n	at org.springframework.aop.framework.JdkDynamicAopProxy.invoke(JdkDynamicAopProxy.java:244)\n	at jdk.proxy3/jdk.proxy3.$Proxy49.read(Unknown Source)\n	at org.springframework.batch.core.step.item.SimpleChunkProvider.doRead(SimpleChunkProvider.java:108)\n	at org.springframework.batch.core.step.item.SimpleChunkProvider.read(SimpleChunkProvider.java:182)\n	at org.springframework.batch.core.step.item.SimpleChunkProvider.lambda$provide$0(SimpleChunkProvider.java:132)\n	at org.springframework.batch.repeat.support.RepeatTemplate.getNextResult(RepeatTemplate.java:362)\n	at org.springframework.batch.repeat.support.RepeatTemplate.executeInternal(RepeatTemp','2023-11-17 23:55:27.513632'),(8,2,6,'2023-11-17 23:58:31.228071','2023-11-17 23:58:31.304766','2023-11-17 23:58:31.989624','FAILED','FAILED','java.lang.NullPointerException: Cannot invoke \"org.apache.poi.ss.usermodel.Workbook.getNumberOfSheets()\" because \"this.workbook\" is null\n	at org.springframework.batch.extensions.excel.poi.PoiItemReader.getNumberOfSheets(PoiItemReader.java:56)\n	at org.springframework.batch.extensions.excel.AbstractExcelItemReader.nextSheet(AbstractExcelItemReader.java:178)\n	at org.springframework.batch.extensions.excel.AbstractExcelItemReader.doRead(AbstractExcelItemReader.java:97)\n	at org.springframework.batch.item.support.AbstractItemCountingItemStreamItemReader.read(AbstractItemCountingItemStreamItemReader.java:95)\n	at org.springframework.batch.extensions.excel.AbstractExcelItemReader.read(AbstractExcelItemReader.java:75)\n	at com.fastcampus.deliverycatalogbatch.config.jobs.menu.ExcelItemReader.read(ExcelMenuReader.kt:29)\n	at java.base/jdk.internal.reflect.NativeMethodAccessorImpl.invoke0(Native Method)\n	at java.base/jdk.internal.reflect.NativeMethodAccessorImpl.invoke(NativeMethodAccessorImpl.java:77)\n	at java.base/jdk.internal.reflect.DelegatingMethodAccessorImpl.invoke(DelegatingMethodAccessorImpl.java:43)\n	at java.base/java.lang.reflect.Method.invoke(Method.java:568)\n	at org.springframework.aop.support.AopUtils.invokeJoinpointUsingReflection(AopUtils.java:343)\n	at org.springframework.aop.framework.ReflectiveMethodInvocation.invokeJoinpoint(ReflectiveMethodInvocation.java:196)\n	at org.springframework.aop.framework.ReflectiveMethodInvocation.proceed(ReflectiveMethodInvocation.java:163)\n	at org.springframework.aop.support.DelegatingIntroductionInterceptor.doProceed(DelegatingIntroductionInterceptor.java:137)\n	at org.springframework.aop.support.DelegatingIntroductionInterceptor.invoke(DelegatingIntroductionInterceptor.java:124)\n	at org.springframework.aop.framework.ReflectiveMethodInvocation.proceed(ReflectiveMethodInvocation.java:184)\n	at org.springframework.aop.framework.JdkDynamicAopProxy.invoke(JdkDynamicAopProxy.java:244)\n	at jdk.proxy3/jdk.proxy3.$Proxy49.read(Unknown Source)\n	at org.springframework.batch.core.step.item.SimpleChunkProvider.doRead(SimpleChunkProvider.java:108)\n	at org.springframework.batch.core.step.item.SimpleChunkProvider.read(SimpleChunkProvider.java:182)\n	at org.springframework.batch.core.step.item.SimpleChunkProvider.lambda$provide$0(SimpleChunkProvider.java:132)\n	at org.springframework.batch.repeat.support.RepeatTemplate.getNextResult(RepeatTemplate.java:362)\n	at org.springframework.batch.repeat.support.RepeatTemplate.executeInternal(RepeatTemp','2023-11-17 23:58:32.044805'),(9,2,7,'2023-11-18 00:03:45.420927','2023-11-18 00:03:45.444610','2023-11-18 00:04:17.553758','FAILED','FAILED','java.lang.NullPointerException: Cannot invoke \"org.apache.poi.ss.usermodel.Workbook.getNumberOfSheets()\" because \"this.workbook\" is null\n	at org.springframework.batch.extensions.excel.poi.PoiItemReader.getNumberOfSheets(PoiItemReader.java:56)\n	at org.springframework.batch.extensions.excel.AbstractExcelItemReader.nextSheet(AbstractExcelItemReader.java:178)\n	at org.springframework.batch.extensions.excel.AbstractExcelItemReader.doRead(AbstractExcelItemReader.java:97)\n	at org.springframework.batch.item.support.AbstractItemCountingItemStreamItemReader.read(AbstractItemCountingItemStreamItemReader.java:95)\n	at org.springframework.batch.extensions.excel.AbstractExcelItemReader.read(AbstractExcelItemReader.java:75)\n	at com.fastcampus.deliverycatalogbatch.config.jobs.menu.ExcelItemReader.read(ExcelMenuReader.kt:30)\n	at java.base/jdk.internal.reflect.NativeMethodAccessorImpl.invoke0(Native Method)\n	at java.base/jdk.internal.reflect.NativeMethodAccessorImpl.invoke(NativeMethodAccessorImpl.java:77)\n	at java.base/jdk.internal.reflect.DelegatingMethodAccessorImpl.invoke(DelegatingMethodAccessorImpl.java:43)\n	at java.base/java.lang.reflect.Method.invoke(Method.java:568)\n	at org.springframework.aop.support.AopUtils.invokeJoinpointUsingReflection(AopUtils.java:343)\n	at org.springframework.aop.framework.ReflectiveMethodInvocation.invokeJoinpoint(ReflectiveMethodInvocation.java:196)\n	at org.springframework.aop.framework.ReflectiveMethodInvocation.proceed(ReflectiveMethodInvocation.java:163)\n	at org.springframework.aop.support.DelegatingIntroductionInterceptor.doProceed(DelegatingIntroductionInterceptor.java:137)\n	at org.springframework.aop.support.DelegatingIntroductionInterceptor.invoke(DelegatingIntroductionInterceptor.java:124)\n	at org.springframework.aop.framework.ReflectiveMethodInvocation.proceed(ReflectiveMethodInvocation.java:184)\n	at org.springframework.aop.framework.JdkDynamicAopProxy.invoke(JdkDynamicAopProxy.java:244)\n	at jdk.proxy3/jdk.proxy3.$Proxy49.read(Unknown Source)\n	at org.springframework.batch.core.step.item.SimpleChunkProvider.doRead(SimpleChunkProvider.java:108)\n	at org.springframework.batch.core.step.item.SimpleChunkProvider.read(SimpleChunkProvider.java:182)\n	at org.springframework.batch.core.step.item.SimpleChunkProvider.lambda$provide$0(SimpleChunkProvider.java:132)\n	at org.springframework.batch.repeat.support.RepeatTemplate.getNextResult(RepeatTemplate.java:362)\n	at org.springframework.batch.repeat.support.RepeatTemplate.executeInternal(RepeatTemp','2023-11-18 00:04:17.572504'),(10,2,8,'2023-11-18 00:14:57.357446','2023-11-18 00:14:57.440559','2023-11-18 00:15:12.402576','COMPLETED','COMPLETED','','2023-11-18 00:15:12.405162'),(11,2,9,'2023-11-18 00:33:22.516510','2023-11-18 00:33:22.547462','2023-11-18 00:33:58.942601','COMPLETED','COMPLETED','','2023-11-18 00:33:58.944227'),(12,2,10,'2023-11-18 00:41:20.079169','2023-11-18 00:41:20.104733','2023-11-18 00:41:20.459957','COMPLETED','COMPLETED','','2023-11-18 00:41:20.461426'),(13,2,11,'2023-11-18 00:46:25.604064','2023-11-18 00:46:25.628120','2023-11-18 00:46:25.974376','COMPLETED','COMPLETED','','2023-11-18 00:46:25.976710'),(14,2,12,'2023-11-18 00:50:31.927738','2023-11-18 00:50:31.952709','2023-11-18 00:50:32.366117','FAILED','FAILED','java.lang.IllegalStateException: Cannot get a NUMERIC value from a STRING cell\n	at org.apache.poi.xssf.usermodel.XSSFCell.typeMismatch(XSSFCell.java:987)\n	at org.apache.poi.xssf.usermodel.XSSFCell.getNumericCellValue(XSSFCell.java:260)\n	at com.fastcampus.deliverycatalogbatch.config.jobs.excel.ExcelJobConfiguration.excelStep$lambda$1(ExcelJobConfiguration.kt:54)\n	at org.springframework.batch.core.step.tasklet.TaskletStep$ChunkTransactionCallback.doInTransaction(TaskletStep.java:389)\n	at org.springframework.batch.core.step.tasklet.TaskletStep$ChunkTransactionCallback.doInTransaction(TaskletStep.java:313)\n	at org.springframework.transaction.support.TransactionTemplate.execute(TransactionTemplate.java:140)\n	at org.springframework.batch.core.step.tasklet.TaskletStep$2.doInChunkContext(TaskletStep.java:256)\n	at org.springframework.batch.core.scope.context.StepContextRepeatCallback.doInIteration(StepContextRepeatCallback.java:82)\n	at org.springframework.batch.repeat.support.RepeatTemplate.getNextResult(RepeatTemplate.java:362)\n	at org.springframework.batch.repeat.support.RepeatTemplate.executeInternal(RepeatTemplate.java:206)\n	at org.springframework.batch.repeat.support.RepeatTemplate.iterate(RepeatTemplate.java:140)\n	at org.springframework.batch.core.step.tasklet.TaskletStep.doExecute(TaskletStep.java:241)\n	at org.springframework.batch.core.step.AbstractStep.execute(AbstractStep.java:229)\n	at java.base/jdk.internal.reflect.NativeMethodAccessorImpl.invoke0(Native Method)\n	at java.base/jdk.internal.reflect.NativeMethodAccessorImpl.invoke(NativeMethodAccessorImpl.java:77)\n	at java.base/jdk.internal.reflect.DelegatingMethodAccessorImpl.invoke(DelegatingMethodAccessorImpl.java:43)\n	at java.base/java.lang.reflect.Method.invoke(Method.java:568)\n	at org.springframework.aop.support.AopUtils.invokeJoinpointUsingReflection(AopUtils.java:343)\n	at org.springframework.aop.framework.ReflectiveMethodInvocation.invokeJoinpoint(ReflectiveMethodInvocation.java:196)\n	at org.springframework.aop.framework.ReflectiveMethodInvocation.proceed(ReflectiveMethodInvocation.java:163)\n	at org.springframework.aop.support.DelegatingIntroductionInterceptor.doProceed(DelegatingIntroductionInterceptor.java:137)\n	at org.springframework.aop.support.DelegatingIntroductionInterceptor.invoke(DelegatingIntroductionInterceptor.java:124)\n	at org.springframework.aop.framework.ReflectiveMethodInvocation.proceed(ReflectiveMethodInvocation.java:184)\n	at org.springframework.aop.framework.JdkDynamicAopProxy.inv','2023-11-18 00:50:32.368522'),(15,2,13,'2023-11-18 00:51:23.877089','2023-11-18 00:51:23.930705','2023-11-18 00:51:24.263430','FAILED','FAILED','java.lang.IllegalStateException: Cannot get a NUMERIC value from a STRING cell\n	at org.apache.poi.xssf.usermodel.XSSFCell.typeMismatch(XSSFCell.java:987)\n	at org.apache.poi.xssf.usermodel.XSSFCell.getNumericCellValue(XSSFCell.java:260)\n	at com.fastcampus.deliverycatalogbatch.config.jobs.excel.ExcelJobConfiguration.excelStep$lambda$1(ExcelJobConfiguration.kt:55)\n	at org.springframework.batch.core.step.tasklet.TaskletStep$ChunkTransactionCallback.doInTransaction(TaskletStep.java:389)\n	at org.springframework.batch.core.step.tasklet.TaskletStep$ChunkTransactionCallback.doInTransaction(TaskletStep.java:313)\n	at org.springframework.transaction.support.TransactionTemplate.execute(TransactionTemplate.java:140)\n	at org.springframework.batch.core.step.tasklet.TaskletStep$2.doInChunkContext(TaskletStep.java:256)\n	at org.springframework.batch.core.scope.context.StepContextRepeatCallback.doInIteration(StepContextRepeatCallback.java:82)\n	at org.springframework.batch.repeat.support.RepeatTemplate.getNextResult(RepeatTemplate.java:362)\n	at org.springframework.batch.repeat.support.RepeatTemplate.executeInternal(RepeatTemplate.java:206)\n	at org.springframework.batch.repeat.support.RepeatTemplate.iterate(RepeatTemplate.java:140)\n	at org.springframework.batch.core.step.tasklet.TaskletStep.doExecute(TaskletStep.java:241)\n	at org.springframework.batch.core.step.AbstractStep.execute(AbstractStep.java:229)\n	at java.base/jdk.internal.reflect.NativeMethodAccessorImpl.invoke0(Native Method)\n	at java.base/jdk.internal.reflect.NativeMethodAccessorImpl.invoke(NativeMethodAccessorImpl.java:77)\n	at java.base/jdk.internal.reflect.DelegatingMethodAccessorImpl.invoke(DelegatingMethodAccessorImpl.java:43)\n	at java.base/java.lang.reflect.Method.invoke(Method.java:568)\n	at org.springframework.aop.support.AopUtils.invokeJoinpointUsingReflection(AopUtils.java:343)\n	at org.springframework.aop.framework.ReflectiveMethodInvocation.invokeJoinpoint(ReflectiveMethodInvocation.java:196)\n	at org.springframework.aop.framework.ReflectiveMethodInvocation.proceed(ReflectiveMethodInvocation.java:163)\n	at org.springframework.aop.support.DelegatingIntroductionInterceptor.doProceed(DelegatingIntroductionInterceptor.java:137)\n	at org.springframework.aop.support.DelegatingIntroductionInterceptor.invoke(DelegatingIntroductionInterceptor.java:124)\n	at org.springframework.aop.framework.ReflectiveMethodInvocation.proceed(ReflectiveMethodInvocation.java:184)\n	at org.springframework.aop.framework.JdkDynamicAopProxy.inv','2023-11-18 00:51:24.265052'),(16,2,14,'2023-11-18 00:51:50.872334','2023-11-18 00:51:50.892439','2023-11-18 00:51:51.237810','FAILED','FAILED','java.lang.IllegalStateException: Cannot get a STRING value from a NUMERIC cell\n	at org.apache.poi.xssf.usermodel.XSSFCell.typeMismatch(XSSFCell.java:987)\n	at org.apache.poi.xssf.usermodel.XSSFCell.getRichStringCellValue(XSSFCell.java:336)\n	at org.apache.poi.xssf.usermodel.XSSFCell.getStringCellValue(XSSFCell.java:280)\n	at com.fastcampus.deliverycatalogbatch.config.jobs.excel.ExcelJobConfiguration.excelStep$lambda$1(ExcelJobConfiguration.kt:54)\n	at org.springframework.batch.core.step.tasklet.TaskletStep$ChunkTransactionCallback.doInTransaction(TaskletStep.java:389)\n	at org.springframework.batch.core.step.tasklet.TaskletStep$ChunkTransactionCallback.doInTransaction(TaskletStep.java:313)\n	at org.springframework.transaction.support.TransactionTemplate.execute(TransactionTemplate.java:140)\n	at org.springframework.batch.core.step.tasklet.TaskletStep$2.doInChunkContext(TaskletStep.java:256)\n	at org.springframework.batch.core.scope.context.StepContextRepeatCallback.doInIteration(StepContextRepeatCallback.java:82)\n	at org.springframework.batch.repeat.support.RepeatTemplate.getNextResult(RepeatTemplate.java:362)\n	at org.springframework.batch.repeat.support.RepeatTemplate.executeInternal(RepeatTemplate.java:206)\n	at org.springframework.batch.repeat.support.RepeatTemplate.iterate(RepeatTemplate.java:140)\n	at org.springframework.batch.core.step.tasklet.TaskletStep.doExecute(TaskletStep.java:241)\n	at org.springframework.batch.core.step.AbstractStep.execute(AbstractStep.java:229)\n	at java.base/jdk.internal.reflect.NativeMethodAccessorImpl.invoke0(Native Method)\n	at java.base/jdk.internal.reflect.NativeMethodAccessorImpl.invoke(NativeMethodAccessorImpl.java:77)\n	at java.base/jdk.internal.reflect.DelegatingMethodAccessorImpl.invoke(DelegatingMethodAccessorImpl.java:43)\n	at java.base/java.lang.reflect.Method.invoke(Method.java:568)\n	at org.springframework.aop.support.AopUtils.invokeJoinpointUsingReflection(AopUtils.java:343)\n	at org.springframework.aop.framework.ReflectiveMethodInvocation.invokeJoinpoint(ReflectiveMethodInvocation.java:196)\n	at org.springframework.aop.framework.ReflectiveMethodInvocation.proceed(ReflectiveMethodInvocation.java:163)\n	at org.springframework.aop.support.DelegatingIntroductionInterceptor.doProceed(DelegatingIntroductionInterceptor.java:137)\n	at org.springframework.aop.support.DelegatingIntroductionInterceptor.invoke(DelegatingIntroductionInterceptor.java:124)\n	at org.springframework.aop.framework.ReflectiveMethodInvocation.proceed(ReflectiveMet','2023-11-18 00:51:51.241182'),(17,2,15,'2023-11-18 00:53:37.344994','2023-11-18 00:53:37.375622','2023-11-18 00:53:37.704575','COMPLETED','COMPLETED','','2023-11-18 00:53:37.706401'),(18,2,16,'2023-11-18 01:02:44.068425','2023-11-18 01:02:44.092777','2023-11-18 01:02:44.822508','COMPLETED','COMPLETED','','2023-11-18 01:02:44.824938'),(19,2,17,'2023-11-18 01:03:58.589002','2023-11-18 01:03:58.609621','2023-11-18 01:03:58.924906','COMPLETED','COMPLETED','','2023-11-18 01:03:58.926644'),(20,2,18,'2023-11-18 10:41:25.512643','2023-11-18 10:41:25.552440','2023-11-18 10:41:25.899464','FAILED','FAILED','java.lang.ClassCastException: class java.lang.String cannot be cast to class java.lang.Long (java.lang.String and java.lang.Long are in module java.base of loader \'bootstrap\')\n	at com.fastcampus.deliverycatalogbatch.config.jobs.excel.ExcelJobConfiguration.excelStep$lambda$2(ExcelJobConfiguration.kt:72)\n	at org.springframework.batch.core.step.tasklet.TaskletStep$ChunkTransactionCallback.doInTransaction(TaskletStep.java:389)\n	at org.springframework.batch.core.step.tasklet.TaskletStep$ChunkTransactionCallback.doInTransaction(TaskletStep.java:313)\n	at org.springframework.transaction.support.TransactionTemplate.execute(TransactionTemplate.java:140)\n	at org.springframework.batch.core.step.tasklet.TaskletStep$2.doInChunkContext(TaskletStep.java:256)\n	at org.springframework.batch.core.scope.context.StepContextRepeatCallback.doInIteration(StepContextRepeatCallback.java:82)\n	at org.springframework.batch.repeat.support.RepeatTemplate.getNextResult(RepeatTemplate.java:362)\n	at org.springframework.batch.repeat.support.RepeatTemplate.executeInternal(RepeatTemplate.java:206)\n	at org.springframework.batch.repeat.support.RepeatTemplate.iterate(RepeatTemplate.java:140)\n	at org.springframework.batch.core.step.tasklet.TaskletStep.doExecute(TaskletStep.java:241)\n	at org.springframework.batch.core.step.AbstractStep.execute(AbstractStep.java:229)\n	at java.base/jdk.internal.reflect.NativeMethodAccessorImpl.invoke0(Native Method)\n	at java.base/jdk.internal.reflect.NativeMethodAccessorImpl.invoke(NativeMethodAccessorImpl.java:77)\n	at java.base/jdk.internal.reflect.DelegatingMethodAccessorImpl.invoke(DelegatingMethodAccessorImpl.java:43)\n	at java.base/java.lang.reflect.Method.invoke(Method.java:568)\n	at org.springframework.aop.support.AopUtils.invokeJoinpointUsingReflection(AopUtils.java:343)\n	at org.springframework.aop.framework.ReflectiveMethodInvocation.invokeJoinpoint(ReflectiveMethodInvocation.java:196)\n	at org.springframework.aop.framework.ReflectiveMethodInvocation.proceed(ReflectiveMethodInvocation.java:163)\n	at org.springframework.aop.support.DelegatingIntroductionInterceptor.doProceed(DelegatingIntroductionInterceptor.java:137)\n	at org.springframework.aop.support.DelegatingIntroductionInterceptor.invoke(DelegatingIntroductionInterceptor.java:124)\n	at org.springframework.aop.framework.ReflectiveMethodInvocation.proceed(ReflectiveMethodInvocation.java:184)\n	at org.springframework.aop.framework.JdkDynamicAopProxy.invoke(JdkDynamicAopProxy.java:244)\n	at jdk.proxy3/jdk.proxy3.$','2023-11-18 10:41:25.901257'),(21,2,19,'2023-11-18 10:42:19.546642','2023-11-18 10:42:19.568172','2023-11-18 10:42:19.862606','FAILED','FAILED','java.lang.NumberFormatException: Character array is missing \"e\" notation exponential mark.\n	at java.base/java.math.BigDecimal.<init>(BigDecimal.java:641)\n	at java.base/java.math.BigDecimal.<init>(BigDecimal.java:467)\n	at java.base/java.math.BigDecimal.<init>(BigDecimal.java:896)\n	at com.fastcampus.deliverycatalogbatch.config.jobs.excel.ExcelJobConfiguration.excelStep$lambda$2(ExcelJobConfiguration.kt:76)\n	at org.springframework.batch.core.step.tasklet.TaskletStep$ChunkTransactionCallback.doInTransaction(TaskletStep.java:389)\n	at org.springframework.batch.core.step.tasklet.TaskletStep$ChunkTransactionCallback.doInTransaction(TaskletStep.java:313)\n	at org.springframework.transaction.support.TransactionTemplate.execute(TransactionTemplate.java:140)\n	at org.springframework.batch.core.step.tasklet.TaskletStep$2.doInChunkContext(TaskletStep.java:256)\n	at org.springframework.batch.core.scope.context.StepContextRepeatCallback.doInIteration(StepContextRepeatCallback.java:82)\n	at org.springframework.batch.repeat.support.RepeatTemplate.getNextResult(RepeatTemplate.java:362)\n	at org.springframework.batch.repeat.support.RepeatTemplate.executeInternal(RepeatTemplate.java:206)\n	at org.springframework.batch.repeat.support.RepeatTemplate.iterate(RepeatTemplate.java:140)\n	at org.springframework.batch.core.step.tasklet.TaskletStep.doExecute(TaskletStep.java:241)\n	at org.springframework.batch.core.step.AbstractStep.execute(AbstractStep.java:229)\n	at java.base/jdk.internal.reflect.NativeMethodAccessorImpl.invoke0(Native Method)\n	at java.base/jdk.internal.reflect.NativeMethodAccessorImpl.invoke(NativeMethodAccessorImpl.java:77)\n	at java.base/jdk.internal.reflect.DelegatingMethodAccessorImpl.invoke(DelegatingMethodAccessorImpl.java:43)\n	at java.base/java.lang.reflect.Method.invoke(Method.java:568)\n	at org.springframework.aop.support.AopUtils.invokeJoinpointUsingReflection(AopUtils.java:343)\n	at org.springframework.aop.framework.ReflectiveMethodInvocation.invokeJoinpoint(ReflectiveMethodInvocation.java:196)\n	at org.springframework.aop.framework.ReflectiveMethodInvocation.proceed(ReflectiveMethodInvocation.java:163)\n	at org.springframework.aop.support.DelegatingIntroductionInterceptor.doProceed(DelegatingIntroductionInterceptor.java:137)\n	at org.springframework.aop.support.DelegatingIntroductionInterceptor.invoke(DelegatingIntroductionInterceptor.java:124)\n	at org.springframework.aop.framework.ReflectiveMethodInvocation.proceed(ReflectiveMethodInvocation.java:184)\n	at org.springfr','2023-11-18 10:42:19.864379'),(22,2,20,'2023-11-18 10:45:55.837962','2023-11-18 10:45:55.859668','2023-11-18 10:46:35.723477','FAILED','FAILED','java.lang.NumberFormatException: Character array is missing \"e\" notation exponential mark.\n	at java.base/java.math.BigDecimal.<init>(BigDecimal.java:641)\n	at java.base/java.math.BigDecimal.<init>(BigDecimal.java:912)\n	at com.fastcampus.deliverycatalogbatch.config.jobs.excel.ExcelJobConfiguration.excelStep$lambda$2(ExcelJobConfiguration.kt:77)\n	at org.springframework.batch.core.step.tasklet.TaskletStep$ChunkTransactionCallback.doInTransaction(TaskletStep.java:389)\n	at org.springframework.batch.core.step.tasklet.TaskletStep$ChunkTransactionCallback.doInTransaction(TaskletStep.java:313)\n	at org.springframework.transaction.support.TransactionTemplate.execute(TransactionTemplate.java:140)\n	at org.springframework.batch.core.step.tasklet.TaskletStep$2.doInChunkContext(TaskletStep.java:256)\n	at org.springframework.batch.core.scope.context.StepContextRepeatCallback.doInIteration(StepContextRepeatCallback.java:82)\n	at org.springframework.batch.repeat.support.RepeatTemplate.getNextResult(RepeatTemplate.java:362)\n	at org.springframework.batch.repeat.support.RepeatTemplate.executeInternal(RepeatTemplate.java:206)\n	at org.springframework.batch.repeat.support.RepeatTemplate.iterate(RepeatTemplate.java:140)\n	at org.springframework.batch.core.step.tasklet.TaskletStep.doExecute(TaskletStep.java:241)\n	at org.springframework.batch.core.step.AbstractStep.execute(AbstractStep.java:229)\n	at java.base/jdk.internal.reflect.NativeMethodAccessorImpl.invoke0(Native Method)\n	at java.base/jdk.internal.reflect.NativeMethodAccessorImpl.invoke(NativeMethodAccessorImpl.java:77)\n	at java.base/jdk.internal.reflect.DelegatingMethodAccessorImpl.invoke(DelegatingMethodAccessorImpl.java:43)\n	at java.base/java.lang.reflect.Method.invoke(Method.java:568)\n	at org.springframework.aop.support.AopUtils.invokeJoinpointUsingReflection(AopUtils.java:343)\n	at org.springframework.aop.framework.ReflectiveMethodInvocation.invokeJoinpoint(ReflectiveMethodInvocation.java:196)\n	at org.springframework.aop.framework.ReflectiveMethodInvocation.proceed(ReflectiveMethodInvocation.java:163)\n	at org.springframework.aop.support.DelegatingIntroductionInterceptor.doProceed(DelegatingIntroductionInterceptor.java:137)\n	at org.springframework.aop.support.DelegatingIntroductionInterceptor.invoke(DelegatingIntroductionInterceptor.java:124)\n	at org.springframework.aop.framework.ReflectiveMethodInvocation.proceed(ReflectiveMethodInvocation.java:184)\n	at org.springframework.aop.framework.JdkDynamicAopProxy.invoke(JdkDynamicAopPr','2023-11-18 10:46:35.731749'),(23,2,21,'2023-11-18 10:46:49.832992','2023-11-18 10:46:49.870122','2023-11-18 10:46:50.399924','FAILED','FAILED','org.springframework.beans.factory.NoSuchBeanDefinitionException: No bean named \'transactionManager\' available: No matching TransactionManager bean found for qualifier \'transactionManager\' - neither qualifier match nor bean name match!\n	at org.springframework.beans.factory.annotation.BeanFactoryAnnotationUtils.qualifiedBeanOfType(BeanFactoryAnnotationUtils.java:136)\n	at org.springframework.beans.factory.annotation.BeanFactoryAnnotationUtils.qualifiedBeanOfType(BeanFactoryAnnotationUtils.java:95)\n	at org.springframework.transaction.interceptor.TransactionAspectSupport.determineQualifiedTransactionManager(TransactionAspectSupport.java:518)\n	at org.springframework.transaction.interceptor.TransactionAspectSupport.determineTransactionManager(TransactionAspectSupport.java:499)\n	at org.springframework.transaction.interceptor.TransactionAspectSupport.invokeWithinTransaction(TransactionAspectSupport.java:345)\n	at org.springframework.transaction.interceptor.TransactionInterceptor.invoke(TransactionInterceptor.java:119)\n	at org.springframework.aop.framework.ReflectiveMethodInvocation.proceed(ReflectiveMethodInvocation.java:184)\n	at org.springframework.dao.support.PersistenceExceptionTranslationInterceptor.invoke(PersistenceExceptionTranslationInterceptor.java:137)\n	at org.springframework.aop.framework.ReflectiveMethodInvocation.proceed(ReflectiveMethodInvocation.java:184)\n	at org.springframework.data.jpa.repository.support.CrudMethodMetadataPostProcessor$CrudMethodMetadataPopulatingMethodInterceptor.invoke(CrudMethodMetadataPostProcessor.java:164)\n	at org.springframework.aop.framework.ReflectiveMethodInvocation.proceed(ReflectiveMethodInvocation.java:184)\n	at org.springframework.aop.interceptor.ExposeInvocationInterceptor.invoke(ExposeInvocationInterceptor.java:97)\n	at org.springframework.aop.framework.ReflectiveMethodInvocation.proceed(ReflectiveMethodInvocation.java:184)\n	at org.springframework.data.repository.core.support.MethodInvocationValidator.invoke(MethodInvocationValidator.java:94)\n	at org.springframework.aop.framework.ReflectiveMethodInvocation.proceed(ReflectiveMethodInvocation.java:184)\n	at org.springframework.aop.framework.JdkDynamicAopProxy.invoke(JdkDynamicAopProxy.java:244)\n	at jdk.proxy3/jdk.proxy3.$Proxy103.saveAll(Unknown Source)\n	at com.fastcampus.deliverycatalogbatch.config.jobs.excel.ExcelJobConfiguration.excelStep$lambda$2(ExcelJobConfiguration.kt:83)\n	at org.springframework.batch.core.step.tasklet.TaskletStep$ChunkTransactionCallback.doInTrans','2023-11-18 10:46:50.402285'),(24,2,22,'2023-11-18 10:52:23.192332','2023-11-18 10:52:23.215729','2023-11-18 10:52:23.691788','COMPLETED','COMPLETED','','2023-11-18 10:52:23.700816'),(25,2,23,'2023-11-18 10:57:08.437208','2023-11-18 10:57:08.463925','2023-11-18 10:57:08.837532','COMPLETED','COMPLETED','','2023-11-18 10:57:08.839133'),(26,2,24,'2023-11-18 11:01:23.681315','2023-11-18 11:01:23.699276','2023-11-18 11:01:24.070491','COMPLETED','COMPLETED','','2023-11-18 11:01:24.072532'),(27,2,25,'2023-11-18 11:03:47.257568','2023-11-18 11:03:47.288242','2023-11-18 11:04:27.101492','COMPLETED','COMPLETED','','2023-11-18 11:04:27.103970'),(28,2,26,'2023-11-18 11:07:07.430664','2023-11-18 11:07:07.456405','2023-11-18 11:07:07.833926','FAILED','FAILED','org.springframework.dao.InvalidDataAccessResourceUsageException: error performing isolated work [Table \'delivery_batch.menus_seq\' doesn\'t exist] [n/a]; SQL [n/a]\n	at org.springframework.orm.jpa.vendor.HibernateJpaDialect.convertHibernateAccessException(HibernateJpaDialect.java:256)\n	at org.springframework.orm.jpa.vendor.HibernateJpaDialect.translateExceptionIfPossible(HibernateJpaDialect.java:229)\n	at org.springframework.orm.jpa.AbstractEntityManagerFactoryBean.translateExceptionIfPossible(AbstractEntityManagerFactoryBean.java:550)\n	at org.springframework.dao.support.ChainedPersistenceExceptionTranslator.translateExceptionIfPossible(ChainedPersistenceExceptionTranslator.java:61)\n	at org.springframework.dao.support.DataAccessUtils.translateIfNecessary(DataAccessUtils.java:243)\n	at org.springframework.dao.support.PersistenceExceptionTranslationInterceptor.invoke(PersistenceExceptionTranslationInterceptor.java:152)\n	at org.springframework.aop.framework.ReflectiveMethodInvocation.proceed(ReflectiveMethodInvocation.java:184)\n	at org.springframework.data.jpa.repository.support.CrudMethodMetadataPostProcessor$CrudMethodMetadataPopulatingMethodInterceptor.invoke(CrudMethodMetadataPostProcessor.java:164)\n	at org.springframework.aop.framework.ReflectiveMethodInvocation.proceed(ReflectiveMethodInvocation.java:184)\n	at org.springframework.aop.interceptor.ExposeInvocationInterceptor.invoke(ExposeInvocationInterceptor.java:97)\n	at org.springframework.aop.framework.ReflectiveMethodInvocation.proceed(ReflectiveMethodInvocation.java:184)\n	at org.springframework.data.repository.core.support.MethodInvocationValidator.invoke(MethodInvocationValidator.java:94)\n	at org.springframework.aop.framework.ReflectiveMethodInvocation.proceed(ReflectiveMethodInvocation.java:184)\n	at org.springframework.aop.framework.JdkDynamicAopProxy.invoke(JdkDynamicAopProxy.java:244)\n	at jdk.proxy3/jdk.proxy3.$Proxy103.saveAll(Unknown Source)\n	at com.fastcampus.deliverycatalogbatch.config.jobs.excel.ExcelJobConfiguration.excelStep$lambda$2(ExcelJobConfiguration.kt:94)\n	at org.springframework.batch.core.step.tasklet.TaskletStep$ChunkTransactionCallback.doInTransaction(TaskletStep.java:389)\n	at org.springframework.batch.core.step.tasklet.TaskletStep$ChunkTransactionCallback.doInTransaction(TaskletStep.java:313)\n	at org.springframework.transaction.support.TransactionTemplate.execute(TransactionTemplate.java:140)\n	at org.springframework.batch.core.step.tasklet.TaskletStep$2.doInChunkContext(TaskletStep.ja','2023-11-18 11:07:07.835742'),(29,2,27,'2023-11-18 11:14:52.170886','2023-11-18 11:14:52.196005','2023-11-18 11:14:52.528917','FAILED','FAILED','java.lang.IllegalStateException: Cannot get a STRING value from a NUMERIC cell\n	at org.apache.poi.xssf.usermodel.XSSFCell.typeMismatch(XSSFCell.java:987)\n	at org.apache.poi.xssf.usermodel.XSSFCell.getRichStringCellValue(XSSFCell.java:336)\n	at org.apache.poi.xssf.usermodel.XSSFCell.getStringCellValue(XSSFCell.java:280)\n	at com.fastcampus.deliverycatalogbatch.config.jobs.excel.ExcelJobConfiguration.excelStep$lambda$3(ExcelJobConfiguration.kt:63)\n	at org.springframework.batch.core.step.tasklet.TaskletStep$ChunkTransactionCallback.doInTransaction(TaskletStep.java:389)\n	at org.springframework.batch.core.step.tasklet.TaskletStep$ChunkTransactionCallback.doInTransaction(TaskletStep.java:313)\n	at org.springframework.transaction.support.TransactionTemplate.execute(TransactionTemplate.java:140)\n	at org.springframework.batch.core.step.tasklet.TaskletStep$2.doInChunkContext(TaskletStep.java:256)\n	at org.springframework.batch.core.scope.context.StepContextRepeatCallback.doInIteration(StepContextRepeatCallback.java:82)\n	at org.springframework.batch.repeat.support.RepeatTemplate.getNextResult(RepeatTemplate.java:362)\n	at org.springframework.batch.repeat.support.RepeatTemplate.executeInternal(RepeatTemplate.java:206)\n	at org.springframework.batch.repeat.support.RepeatTemplate.iterate(RepeatTemplate.java:140)\n	at org.springframework.batch.core.step.tasklet.TaskletStep.doExecute(TaskletStep.java:241)\n	at org.springframework.batch.core.step.AbstractStep.execute(AbstractStep.java:229)\n	at java.base/jdk.internal.reflect.NativeMethodAccessorImpl.invoke0(Native Method)\n	at java.base/jdk.internal.reflect.NativeMethodAccessorImpl.invoke(NativeMethodAccessorImpl.java:77)\n	at java.base/jdk.internal.reflect.DelegatingMethodAccessorImpl.invoke(DelegatingMethodAccessorImpl.java:43)\n	at java.base/java.lang.reflect.Method.invoke(Method.java:568)\n	at org.springframework.aop.support.AopUtils.invokeJoinpointUsingReflection(AopUtils.java:343)\n	at org.springframework.aop.framework.ReflectiveMethodInvocation.invokeJoinpoint(ReflectiveMethodInvocation.java:196)\n	at org.springframework.aop.framework.ReflectiveMethodInvocation.proceed(ReflectiveMethodInvocation.java:163)\n	at org.springframework.aop.support.DelegatingIntroductionInterceptor.doProceed(DelegatingIntroductionInterceptor.java:137)\n	at org.springframework.aop.support.DelegatingIntroductionInterceptor.invoke(DelegatingIntroductionInterceptor.java:124)\n	at org.springframework.aop.framework.ReflectiveMethodInvocation.proceed(ReflectiveMet','2023-11-18 11:14:52.531483'),(30,2,28,'2023-11-18 11:16:06.019859','2023-11-18 11:16:06.044386','2023-11-18 11:16:06.380898','FAILED','FAILED','java.lang.NumberFormatException: Character array is missing \"e\" notation exponential mark.\n	at java.base/java.math.BigDecimal.<init>(BigDecimal.java:641)\n	at java.base/java.math.BigDecimal.<init>(BigDecimal.java:467)\n	at java.base/java.math.BigDecimal.<init>(BigDecimal.java:896)\n	at com.fastcampus.deliverycatalogbatch.config.jobs.excel.ExcelJobConfiguration.excelStep$lambda$3(ExcelJobConfiguration.kt:67)\n	at org.springframework.batch.core.step.tasklet.TaskletStep$ChunkTransactionCallback.doInTransaction(TaskletStep.java:389)\n	at org.springframework.batch.core.step.tasklet.TaskletStep$ChunkTransactionCallback.doInTransaction(TaskletStep.java:313)\n	at org.springframework.transaction.support.TransactionTemplate.execute(TransactionTemplate.java:140)\n	at org.springframework.batch.core.step.tasklet.TaskletStep$2.doInChunkContext(TaskletStep.java:256)\n	at org.springframework.batch.core.scope.context.StepContextRepeatCallback.doInIteration(StepContextRepeatCallback.java:82)\n	at org.springframework.batch.repeat.support.RepeatTemplate.getNextResult(RepeatTemplate.java:362)\n	at org.springframework.batch.repeat.support.RepeatTemplate.executeInternal(RepeatTemplate.java:206)\n	at org.springframework.batch.repeat.support.RepeatTemplate.iterate(RepeatTemplate.java:140)\n	at org.springframework.batch.core.step.tasklet.TaskletStep.doExecute(TaskletStep.java:241)\n	at org.springframework.batch.core.step.AbstractStep.execute(AbstractStep.java:229)\n	at java.base/jdk.internal.reflect.NativeMethodAccessorImpl.invoke0(Native Method)\n	at java.base/jdk.internal.reflect.NativeMethodAccessorImpl.invoke(NativeMethodAccessorImpl.java:77)\n	at java.base/jdk.internal.reflect.DelegatingMethodAccessorImpl.invoke(DelegatingMethodAccessorImpl.java:43)\n	at java.base/java.lang.reflect.Method.invoke(Method.java:568)\n	at org.springframework.aop.support.AopUtils.invokeJoinpointUsingReflection(AopUtils.java:343)\n	at org.springframework.aop.framework.ReflectiveMethodInvocation.invokeJoinpoint(ReflectiveMethodInvocation.java:196)\n	at org.springframework.aop.framework.ReflectiveMethodInvocation.proceed(ReflectiveMethodInvocation.java:163)\n	at org.springframework.aop.support.DelegatingIntroductionInterceptor.doProceed(DelegatingIntroductionInterceptor.java:137)\n	at org.springframework.aop.support.DelegatingIntroductionInterceptor.invoke(DelegatingIntroductionInterceptor.java:124)\n	at org.springframework.aop.framework.ReflectiveMethodInvocation.proceed(ReflectiveMethodInvocation.java:184)\n	at org.springfr','2023-11-18 11:16:06.384067'),(31,2,29,'2023-11-18 11:17:03.559390','2023-11-18 11:17:03.578748','2023-11-18 11:17:03.915653','FAILED','FAILED','java.lang.NumberFormatException: For input string: \"\"\n	at java.base/java.lang.NumberFormatException.forInputString(NumberFormatException.java:67)\n	at java.base/java.lang.Long.parseLong(Long.java:721)\n	at java.base/java.lang.Long.parseLong(Long.java:836)\n	at com.fastcampus.deliverycatalogbatch.config.jobs.excel.ExcelJobConfiguration.excelStep$lambda$3(ExcelJobConfiguration.kt:64)\n	at org.springframework.batch.core.step.tasklet.TaskletStep$ChunkTransactionCallback.doInTransaction(TaskletStep.java:389)\n	at org.springframework.batch.core.step.tasklet.TaskletStep$ChunkTransactionCallback.doInTransaction(TaskletStep.java:313)\n	at org.springframework.transaction.support.TransactionTemplate.execute(TransactionTemplate.java:140)\n	at org.springframework.batch.core.step.tasklet.TaskletStep$2.doInChunkContext(TaskletStep.java:256)\n	at org.springframework.batch.core.scope.context.StepContextRepeatCallback.doInIteration(StepContextRepeatCallback.java:82)\n	at org.springframework.batch.repeat.support.RepeatTemplate.getNextResult(RepeatTemplate.java:362)\n	at org.springframework.batch.repeat.support.RepeatTemplate.executeInternal(RepeatTemplate.java:206)\n	at org.springframework.batch.repeat.support.RepeatTemplate.iterate(RepeatTemplate.java:140)\n	at org.springframework.batch.core.step.tasklet.TaskletStep.doExecute(TaskletStep.java:241)\n	at org.springframework.batch.core.step.AbstractStep.execute(AbstractStep.java:229)\n	at java.base/jdk.internal.reflect.NativeMethodAccessorImpl.invoke0(Native Method)\n	at java.base/jdk.internal.reflect.NativeMethodAccessorImpl.invoke(NativeMethodAccessorImpl.java:77)\n	at java.base/jdk.internal.reflect.DelegatingMethodAccessorImpl.invoke(DelegatingMethodAccessorImpl.java:43)\n	at java.base/java.lang.reflect.Method.invoke(Method.java:568)\n	at org.springframework.aop.support.AopUtils.invokeJoinpointUsingReflection(AopUtils.java:343)\n	at org.springframework.aop.framework.ReflectiveMethodInvocation.invokeJoinpoint(ReflectiveMethodInvocation.java:196)\n	at org.springframework.aop.framework.ReflectiveMethodInvocation.proceed(ReflectiveMethodInvocation.java:163)\n	at org.springframework.aop.support.DelegatingIntroductionInterceptor.doProceed(DelegatingIntroductionInterceptor.java:137)\n	at org.springframework.aop.support.DelegatingIntroductionInterceptor.invoke(DelegatingIntroductionInterceptor.java:124)\n	at org.springframework.aop.framework.ReflectiveMethodInvocation.proceed(ReflectiveMethodInvocation.java:184)\n	at org.springframework.aop.framework.JdkD','2023-11-18 11:17:03.917808'),(32,2,30,'2023-11-18 11:21:44.047482','2023-11-18 11:21:44.067663','2023-11-18 11:21:44.451518','COMPLETED','COMPLETED','','2023-11-18 11:21:44.453228'),(33,2,31,'2023-11-18 11:22:12.917965','2023-11-18 11:22:12.937860','2023-11-18 11:22:13.293590','COMPLETED','COMPLETED','','2023-11-18 11:22:13.295113'),(34,2,32,'2023-11-18 11:24:04.602077','2023-11-18 11:24:04.620558','2023-11-18 11:24:05.010863','COMPLETED','COMPLETED','','2023-11-18 11:24:05.013362'),(35,2,33,'2023-11-18 11:24:47.884807','2023-11-18 11:24:47.907646','2023-11-18 11:24:48.268246','COMPLETED','COMPLETED','','2023-11-18 11:24:48.270673'),(36,2,34,'2023-11-18 11:26:25.901183','2023-11-18 11:26:25.928440','2023-11-18 11:26:26.302825','COMPLETED','COMPLETED','','2023-11-18 11:26:26.304840'),(37,2,35,'2023-11-18 11:44:43.317715','2023-11-18 11:44:43.340955','2023-11-18 11:44:43.732789','COMPLETED','COMPLETED','','2023-11-18 11:44:43.734850'),(38,2,36,'2023-12-03 23:35:13.349503','2023-12-03 23:35:13.369208','2023-12-03 23:35:13.702527','COMPLETED','COMPLETED','','2023-12-03 23:35:13.704235'),(39,2,37,'2023-12-03 23:55:44.212010','2023-12-03 23:55:44.229202','2023-12-03 23:55:44.588449','COMPLETED','COMPLETED','','2023-12-03 23:55:44.589806');
/*!40000 ALTER TABLE `BATCH_JOB_EXECUTION` ENABLE KEYS */;
UNLOCK TABLES;

--
-- Table structure for table `BATCH_JOB_EXECUTION_CONTEXT`
--

DROP TABLE IF EXISTS `BATCH_JOB_EXECUTION_CONTEXT`;
/*!40101 SET @saved_cs_client     = @@character_set_client */;
/*!50503 SET character_set_client = utf8mb4 */;
CREATE TABLE `BATCH_JOB_EXECUTION_CONTEXT` (
  `JOB_EXECUTION_ID` bigint NOT NULL,
  `SHORT_CONTEXT` varchar(2500) NOT NULL,
  `SERIALIZED_CONTEXT` text,
  PRIMARY KEY (`JOB_EXECUTION_ID`),
  CONSTRAINT `JOB_EXEC_CTX_FK` FOREIGN KEY (`JOB_EXECUTION_ID`) REFERENCES `BATCH_JOB_EXECUTION` (`JOB_EXECUTION_ID`)
) ENGINE=InnoDB DEFAULT CHARSET=utf8mb4 COLLATE=utf8mb4_0900_ai_ci;
/*!40101 SET character_set_client = @saved_cs_client */;

--
-- Dumping data for table `BATCH_JOB_EXECUTION_CONTEXT`
--

LOCK TABLES `BATCH_JOB_EXECUTION_CONTEXT` WRITE;
/*!40000 ALTER TABLE `BATCH_JOB_EXECUTION_CONTEXT` DISABLE KEYS */;
INSERT INTO `BATCH_JOB_EXECUTION_CONTEXT` VALUES (1,'rO0ABXNyABFqYXZhLnV0aWwuSGFzaE1hcAUH2sHDFmDRAwACRgAKbG9hZEZhY3RvckkACXRocmVzaG9sZHhwP0AAAAAAAAx3CAAAABAAAAABdAANYmF0Y2gudmVyc2lvbnQABTUuMC4zeA==',NULL),(2,'rO0ABXNyABFqYXZhLnV0aWwuSGFzaE1hcAUH2sHDFmDRAwACRgAKbG9hZEZhY3RvckkACXRocmVzaG9sZHhwP0AAAAAAAAx3CAAAABAAAAABdAANYmF0Y2gudmVyc2lvbnQABTUuMC4zeA==',NULL),(3,'rO0ABXNyABFqYXZhLnV0aWwuSGFzaE1hcAUH2sHDFmDRAwACRgAKbG9hZEZhY3RvckkACXRocmVzaG9sZHhwP0AAAAAAAAx3CAAAABAAAAABdAANYmF0Y2gudmVyc2lvbnQABTUuMC4zeA==',NULL),(4,'rO0ABXNyABFqYXZhLnV0aWwuSGFzaE1hcAUH2sHDFmDRAwACRgAKbG9hZEZhY3RvckkACXRocmVzaG9sZHhwP0AAAAAAAAx3CAAAABAAAAABdAANYmF0Y2gudmVyc2lvbnQABTUuMC4zeA==',NULL),(5,'rO0ABXNyABFqYXZhLnV0aWwuSGFzaE1hcAUH2sHDFmDRAwACRgAKbG9hZEZhY3RvckkACXRocmVzaG9sZHhwP0AAAAAAAAx3CAAAABAAAAABdAANYmF0Y2gudmVyc2lvbnQABTUuMC4zeA==',NULL),(6,'rO0ABXNyABFqYXZhLnV0aWwuSGFzaE1hcAUH2sHDFmDRAwACRgAKbG9hZEZhY3RvckkACXRocmVzaG9sZHhwP0AAAAAAAAx3CAAAABAAAAABdAANYmF0Y2gudmVyc2lvbnQABTUuMC4zeA==',NULL),(7,'rO0ABXNyABFqYXZhLnV0aWwuSGFzaE1hcAUH2sHDFmDRAwACRgAKbG9hZEZhY3RvckkACXRocmVzaG9sZHhwP0AAAAAAAAx3CAAAABAAAAABdAANYmF0Y2gudmVyc2lvbnQABTUuMC4zeA==',NULL),(8,'rO0ABXNyABFqYXZhLnV0aWwuSGFzaE1hcAUH2sHDFmDRAwACRgAKbG9hZEZhY3RvckkACXRocmVzaG9sZHhwP0AAAAAAAAx3CAAAABAAAAABdAANYmF0Y2gudmVyc2lvbnQABTUuMC4zeA==',NULL),(9,'rO0ABXNyABFqYXZhLnV0aWwuSGFzaE1hcAUH2sHDFmDRAwACRgAKbG9hZEZhY3RvckkACXRocmVzaG9sZHhwP0AAAAAAAAx3CAAAABAAAAABdAANYmF0Y2gudmVyc2lvbnQABTUuMC4zeA==',NULL),(10,'rO0ABXNyABFqYXZhLnV0aWwuSGFzaE1hcAUH2sHDFmDRAwACRgAKbG9hZEZhY3RvckkACXRocmVzaG9sZHhwP0AAAAAAAAx3CAAAABAAAAABdAANYmF0Y2gudmVyc2lvbnQABTUuMC4zeA==',NULL),(11,'rO0ABXNyABFqYXZhLnV0aWwuSGFzaE1hcAUH2sHDFmDRAwACRgAKbG9hZEZhY3RvckkACXRocmVzaG9sZHhwP0AAAAAAAAx3CAAAABAAAAABdAANYmF0Y2gudmVyc2lvbnQABTUuMC4zeA==',NULL),(12,'rO0ABXNyABFqYXZhLnV0aWwuSGFzaE1hcAUH2sHDFmDRAwACRgAKbG9hZEZhY3RvckkACXRocmVzaG9sZHhwP0AAAAAAAAx3CAAAABAAAAABdAANYmF0Y2gudmVyc2lvbnQABTUuMC4zeA==',NULL),(13,'rO0ABXNyABFqYXZhLnV0aWwuSGFzaE1hcAUH2sHDFmDRAwACRgAKbG9hZEZhY3RvckkACXRocmVzaG9sZHhwP0AAAAAAAAx3CAAAABAAAAABdAANYmF0Y2gudmVyc2lvbnQABTUuMC4zeA==',NULL),(14,'rO0ABXNyABFqYXZhLnV0aWwuSGFzaE1hcAUH2sHDFmDRAwACRgAKbG9hZEZhY3RvckkACXRocmVzaG9sZHhwP0AAAAAAAAx3CAAAABAAAAABdAANYmF0Y2gudmVyc2lvbnQABTUuMC4zeA==',NULL),(15,'rO0ABXNyABFqYXZhLnV0aWwuSGFzaE1hcAUH2sHDFmDRAwACRgAKbG9hZEZhY3RvckkACXRocmVzaG9sZHhwP0AAAAAAAAx3CAAAABAAAAABdAANYmF0Y2gudmVyc2lvbnQABTUuMC4zeA==',NULL),(16,'rO0ABXNyABFqYXZhLnV0aWwuSGFzaE1hcAUH2sHDFmDRAwACRgAKbG9hZEZhY3RvckkACXRocmVzaG9sZHhwP0AAAAAAAAx3CAAAABAAAAABdAANYmF0Y2gudmVyc2lvbnQABTUuMC4zeA==',NULL),(17,'rO0ABXNyABFqYXZhLnV0aWwuSGFzaE1hcAUH2sHDFmDRAwACRgAKbG9hZEZhY3RvckkACXRocmVzaG9sZHhwP0AAAAAAAAx3CAAAABAAAAABdAANYmF0Y2gudmVyc2lvbnQABTUuMC4zeA==',NULL),(18,'rO0ABXNyABFqYXZhLnV0aWwuSGFzaE1hcAUH2sHDFmDRAwACRgAKbG9hZEZhY3RvckkACXRocmVzaG9sZHhwP0AAAAAAAAx3CAAAABAAAAABdAANYmF0Y2gudmVyc2lvbnQABTUuMC4zeA==',NULL),(19,'rO0ABXNyABFqYXZhLnV0aWwuSGFzaE1hcAUH2sHDFmDRAwACRgAKbG9hZEZhY3RvckkACXRocmVzaG9sZHhwP0AAAAAAAAx3CAAAABAAAAABdAANYmF0Y2gudmVyc2lvbnQABTUuMC4zeA==',NULL),(20,'rO0ABXNyABFqYXZhLnV0aWwuSGFzaE1hcAUH2sHDFmDRAwACRgAKbG9hZEZhY3RvckkACXRocmVzaG9sZHhwP0AAAAAAAAx3CAAAABAAAAABdAANYmF0Y2gudmVyc2lvbnQABTUuMC4zeA==',NULL),(21,'rO0ABXNyABFqYXZhLnV0aWwuSGFzaE1hcAUH2sHDFmDRAwACRgAKbG9hZEZhY3RvckkACXRocmVzaG9sZHhwP0AAAAAAAAx3CAAAABAAAAABdAANYmF0Y2gudmVyc2lvbnQABTUuMC4zeA==',NULL),(22,'rO0ABXNyABFqYXZhLnV0aWwuSGFzaE1hcAUH2sHDFmDRAwACRgAKbG9hZEZhY3RvckkACXRocmVzaG9sZHhwP0AAAAAAAAx3CAAAABAAAAABdAANYmF0Y2gudmVyc2lvbnQABTUuMC4zeA==',NULL),(23,'rO0ABXNyABFqYXZhLnV0aWwuSGFzaE1hcAUH2sHDFmDRAwACRgAKbG9hZEZhY3RvckkACXRocmVzaG9sZHhwP0AAAAAAAAx3CAAAABAAAAABdAANYmF0Y2gudmVyc2lvbnQABTUuMC4zeA==',NULL),(24,'rO0ABXNyABFqYXZhLnV0aWwuSGFzaE1hcAUH2sHDFmDRAwACRgAKbG9hZEZhY3RvckkACXRocmVzaG9sZHhwP0AAAAAAAAx3CAAAABAAAAABdAANYmF0Y2gudmVyc2lvbnQABTUuMC4zeA==',NULL),(25,'rO0ABXNyABFqYXZhLnV0aWwuSGFzaE1hcAUH2sHDFmDRAwACRgAKbG9hZEZhY3RvckkACXRocmVzaG9sZHhwP0AAAAAAAAx3CAAAABAAAAABdAANYmF0Y2gudmVyc2lvbnQABTUuMC4zeA==',NULL),(26,'rO0ABXNyABFqYXZhLnV0aWwuSGFzaE1hcAUH2sHDFmDRAwACRgAKbG9hZEZhY3RvckkACXRocmVzaG9sZHhwP0AAAAAAAAx3CAAAABAAAAABdAANYmF0Y2gudmVyc2lvbnQABTUuMC4zeA==',NULL),(27,'rO0ABXNyABFqYXZhLnV0aWwuSGFzaE1hcAUH2sHDFmDRAwACRgAKbG9hZEZhY3RvckkACXRocmVzaG9sZHhwP0AAAAAAAAx3CAAAABAAAAABdAANYmF0Y2gudmVyc2lvbnQABTUuMC4zeA==',NULL),(28,'rO0ABXNyABFqYXZhLnV0aWwuSGFzaE1hcAUH2sHDFmDRAwACRgAKbG9hZEZhY3RvckkACXRocmVzaG9sZHhwP0AAAAAAAAx3CAAAABAAAAABdAANYmF0Y2gudmVyc2lvbnQABTUuMC4zeA==',NULL),(29,'rO0ABXNyABFqYXZhLnV0aWwuSGFzaE1hcAUH2sHDFmDRAwACRgAKbG9hZEZhY3RvckkACXRocmVzaG9sZHhwP0AAAAAAAAx3CAAAABAAAAABdAANYmF0Y2gudmVyc2lvbnQABTUuMC4zeA==',NULL),(30,'rO0ABXNyABFqYXZhLnV0aWwuSGFzaE1hcAUH2sHDFmDRAwACRgAKbG9hZEZhY3RvckkACXRocmVzaG9sZHhwP0AAAAAAAAx3CAAAABAAAAABdAANYmF0Y2gudmVyc2lvbnQABTUuMC4zeA==',NULL),(31,'rO0ABXNyABFqYXZhLnV0aWwuSGFzaE1hcAUH2sHDFmDRAwACRgAKbG9hZEZhY3RvckkACXRocmVzaG9sZHhwP0AAAAAAAAx3CAAAABAAAAABdAANYmF0Y2gudmVyc2lvbnQABTUuMC4zeA==',NULL),(32,'rO0ABXNyABFqYXZhLnV0aWwuSGFzaE1hcAUH2sHDFmDRAwACRgAKbG9hZEZhY3RvckkACXRocmVzaG9sZHhwP0AAAAAAAAx3CAAAABAAAAABdAANYmF0Y2gudmVyc2lvbnQABTUuMC4zeA==',NULL),(33,'rO0ABXNyABFqYXZhLnV0aWwuSGFzaE1hcAUH2sHDFmDRAwACRgAKbG9hZEZhY3RvckkACXRocmVzaG9sZHhwP0AAAAAAAAx3CAAAABAAAAABdAANYmF0Y2gudmVyc2lvbnQABTUuMC4zeA==',NULL),(34,'rO0ABXNyABFqYXZhLnV0aWwuSGFzaE1hcAUH2sHDFmDRAwACRgAKbG9hZEZhY3RvckkACXRocmVzaG9sZHhwP0AAAAAAAAx3CAAAABAAAAABdAANYmF0Y2gudmVyc2lvbnQABTUuMC4zeA==',NULL),(35,'rO0ABXNyABFqYXZhLnV0aWwuSGFzaE1hcAUH2sHDFmDRAwACRgAKbG9hZEZhY3RvckkACXRocmVzaG9sZHhwP0AAAAAAAAx3CAAAABAAAAABdAANYmF0Y2gudmVyc2lvbnQABTUuMC4zeA==',NULL),(36,'rO0ABXNyABFqYXZhLnV0aWwuSGFzaE1hcAUH2sHDFmDRAwACRgAKbG9hZEZhY3RvckkACXRocmVzaG9sZHhwP0AAAAAAAAx3CAAAABAAAAABdAANYmF0Y2gudmVyc2lvbnQABTUuMC4zeA==',NULL),(37,'rO0ABXNyABFqYXZhLnV0aWwuSGFzaE1hcAUH2sHDFmDRAwACRgAKbG9hZEZhY3RvckkACXRocmVzaG9sZHhwP0AAAAAAAAx3CAAAABAAAAABdAANYmF0Y2gudmVyc2lvbnQABTUuMC4zeA==',NULL),(38,'rO0ABXNyABFqYXZhLnV0aWwuSGFzaE1hcAUH2sHDFmDRAwACRgAKbG9hZEZhY3RvckkACXRocmVzaG9sZHhwP0AAAAAAAAx3CAAAABAAAAABdAANYmF0Y2gudmVyc2lvbnQABTUuMC4zeA==',NULL),(39,'rO0ABXNyABFqYXZhLnV0aWwuSGFzaE1hcAUH2sHDFmDRAwACRgAKbG9hZEZhY3RvckkACXRocmVzaG9sZHhwP0AAAAAAAAx3CAAAABAAAAABdAANYmF0Y2gudmVyc2lvbnQABTUuMC4zeA==',NULL);
/*!40000 ALTER TABLE `BATCH_JOB_EXECUTION_CONTEXT` ENABLE KEYS */;
UNLOCK TABLES;

--
-- Table structure for table `BATCH_JOB_EXECUTION_PARAMS`
--

DROP TABLE IF EXISTS `BATCH_JOB_EXECUTION_PARAMS`;
/*!40101 SET @saved_cs_client     = @@character_set_client */;
/*!50503 SET character_set_client = utf8mb4 */;
CREATE TABLE `BATCH_JOB_EXECUTION_PARAMS` (
  `JOB_EXECUTION_ID` bigint NOT NULL,
  `PARAMETER_NAME` varchar(100) NOT NULL,
  `PARAMETER_TYPE` varchar(100) NOT NULL,
  `PARAMETER_VALUE` varchar(2500) DEFAULT NULL,
  `IDENTIFYING` char(1) NOT NULL,
  KEY `JOB_EXEC_PARAMS_FK` (`JOB_EXECUTION_ID`),
  CONSTRAINT `JOB_EXEC_PARAMS_FK` FOREIGN KEY (`JOB_EXECUTION_ID`) REFERENCES `BATCH_JOB_EXECUTION` (`JOB_EXECUTION_ID`)
) ENGINE=InnoDB DEFAULT CHARSET=utf8mb4 COLLATE=utf8mb4_0900_ai_ci;
/*!40101 SET character_set_client = @saved_cs_client */;

--
-- Dumping data for table `BATCH_JOB_EXECUTION_PARAMS`
--

LOCK TABLES `BATCH_JOB_EXECUTION_PARAMS` WRITE;
/*!40000 ALTER TABLE `BATCH_JOB_EXECUTION_PARAMS` DISABLE KEYS */;
INSERT INTO `BATCH_JOB_EXECUTION_PARAMS` VALUES (2,'run.id','java.lang.Long','1','Y'),(3,'run.id','java.lang.Long','2','Y'),(6,'filePath','java.lang.String','asdfasdfasdf','Y'),(7,'run.id','java.lang.Long','3','Y'),(7,'filePath','java.lang.String','/Users/sonic/KotlinMasterLecture/delivery-catalog-batch/doc/delivery-menus.xlsx','Y'),(8,'run.id','java.lang.Long','4','Y'),(8,'filePath','java.lang.String','/Users/sonic/KotlinMasterLecture/delivery-catalog-batch/doc/delivery-menus.xlsx','Y'),(9,'run.id','java.lang.Long','5','Y'),(9,'filePath','java.lang.String','/Users/sonic/KotlinMasterLecture/delivery-catalog-batch/doc/delivery-menus.xlsx','Y'),(10,'run.id','java.lang.Long','6','Y'),(10,'filePath','java.lang.String','/Users/sonic/KotlinMasterLecture/delivery-catalog-batch/doc/delivery-menus.xlsx','Y'),(11,'run.id','java.lang.Long','7','Y'),(11,'filePath','java.lang.String','/Users/sonic/KotlinMasterLecture/delivery-catalog-batch/doc/delivery-menus.xlsx','Y'),(12,'filePath','java.lang.String','/Users/sonic/KotlinMasterLecture/delivery-catalog-batch/doc/delivery-menus.xlsx','Y'),(13,'executionId','java.lang.String','1','Y'),(13,'run.id','java.lang.Long','1','Y'),(13,'filePath','java.lang.String','/Users/sonic/KotlinMasterLecture/delivery-catalog-batch/doc/delivery-menus.xlsx','Y'),(14,'executionId','java.lang.String','1','Y'),(14,'run.id','java.lang.Long','2','Y'),(14,'filePath','java.lang.String','/Users/sonic/KotlinMasterLecture/delivery-catalog-batch/doc/delivery-menus.xlsx','Y'),(15,'executionId','java.lang.String','1','Y'),(15,'run.id','java.lang.Long','3','Y'),(15,'filePath','java.lang.String','/Users/sonic/KotlinMasterLecture/delivery-catalog-batch/doc/delivery-menus.xlsx','Y'),(16,'executionId','java.lang.String','1','Y'),(16,'run.id','java.lang.Long','4','Y'),(16,'filePath','java.lang.String','/Users/sonic/KotlinMasterLecture/delivery-catalog-batch/doc/delivery-menus.xlsx','Y'),(17,'executionId','java.lang.String','1','Y'),(17,'run.id','java.lang.Long','5','Y'),(17,'filePath','java.lang.String','/Users/sonic/KotlinMasterLecture/delivery-catalog-batch/doc/delivery-menus.xlsx','Y'),(18,'executionId','java.lang.String','1','Y'),(18,'run.id','java.lang.Long','6','Y'),(18,'filePath','java.lang.String','/Users/sonic/KotlinMasterLecture/delivery-catalog-batch/doc/delivery-menus.xlsx','Y'),(19,'executionId','java.lang.String','1','Y'),(19,'run.id','java.lang.Long','7','Y'),(19,'filePath','java.lang.String','/Users/sonic/KotlinMasterLecture/delivery-catalog-batch/doc/delivery-menus.xlsx','Y'),(20,'executionId','java.lang.String','1','Y'),(20,'run.id','java.lang.Long','8','Y'),(20,'filePath','java.lang.String','/Users/sonic/KotlinMasterLecture/delivery-catalog-batch/doc/delivery-menus.xlsx','Y'),(21,'executionId','java.lang.String','1','Y'),(21,'run.id','java.lang.Long','9','Y'),(21,'filePath','java.lang.String','/Users/sonic/KotlinMasterLecture/delivery-catalog-batch/doc/delivery-menus.xlsx','Y'),(22,'executionId','java.lang.String','1','Y'),(22,'run.id','java.lang.Long','10','Y'),(22,'filePath','java.lang.String','/Users/sonic/KotlinMasterLecture/delivery-catalog-batch/doc/delivery-menus.xlsx','Y'),(23,'executionId','java.lang.String','1','Y'),(23,'run.id','java.lang.Long','11','Y'),(23,'filePath','java.lang.String','/Users/sonic/KotlinMasterLecture/delivery-catalog-batch/doc/delivery-menus.xlsx','Y'),(24,'executionId','java.lang.String','1','Y'),(24,'run.id','java.lang.Long','12','Y'),(24,'filePath','java.lang.String','/Users/sonic/KotlinMasterLecture/delivery-catalog-batch/doc/delivery-menus.xlsx','Y'),(25,'executionId','java.lang.String','1','Y'),(25,'run.id','java.lang.Long','13','Y'),(25,'filePath','java.lang.String','/Users/sonic/KotlinMasterLecture/delivery-catalog-batch/doc/delivery-menus.xlsx','Y'),(26,'executionId','java.lang.String','1','Y'),(26,'run.id','java.lang.Long','14','Y'),(26,'filePath','java.lang.String','/Users/sonic/KotlinMasterLecture/delivery-catalog-batch/doc/delivery-menus.xlsx','Y'),(27,'executionId','java.lang.String','1','Y'),(27,'run.id','java.lang.Long','15','Y'),(27,'filePath','java.lang.String','/Users/sonic/KotlinMasterLecture/delivery-catalog-batch/doc/delivery-menus.xlsx','Y'),(28,'executionId','java.lang.String','1','Y'),(28,'run.id','java.lang.Long','16','Y'),(28,'filePath','java.lang.String','/Users/sonic/KotlinMasterLecture/delivery-catalog-batch/doc/delivery-menus.xlsx','Y'),(29,'executionId','java.lang.String','1','Y'),(29,'run.id','java.lang.Long','17','Y'),(29,'filePath','java.lang.String','/Users/sonic/KotlinMasterLecture/delivery-catalog-batch/doc/delivery-menus.xlsx','Y'),(30,'executionId','java.lang.String','1','Y'),(30,'run.id','java.lang.Long','18','Y'),(30,'filePath','java.lang.String','/Users/sonic/KotlinMasterLecture/delivery-catalog-batch/doc/delivery-menus.xlsx','Y'),(31,'executionId','java.lang.String','1','Y'),(31,'run.id','java.lang.Long','19','Y'),(31,'filePath','java.lang.String','/Users/sonic/KotlinMasterLecture/delivery-catalog-batch/doc/delivery-menus.xlsx','Y'),(32,'executionId','java.lang.String','1','Y'),(32,'run.id','java.lang.Long','20','Y'),(32,'filePath','java.lang.String','/Users/sonic/KotlinMasterLecture/delivery-catalog-batch/doc/delivery-menus.xlsx','Y'),(33,'executionId','java.lang.String','1','Y'),(33,'run.id','java.lang.Long','21','Y'),(33,'filePath','java.lang.String','/Users/sonic/KotlinMasterLecture/delivery-catalog-batch/doc/delivery-menus.xlsx','Y'),(34,'executionId','java.lang.String','1','Y'),(34,'run.id','java.lang.Long','22','Y'),(34,'filePath','java.lang.String','/Users/sonic/KotlinMasterLecture/delivery-catalog-batch/doc/delivery-menus.xlsx','Y'),(35,'executionId','java.lang.String','1','Y'),(35,'run.id','java.lang.Long','23','Y'),(35,'filePath','java.lang.String','/Users/sonic/KotlinMasterLecture/delivery-catalog-batch/doc/delivery-menus.xlsx','Y'),(36,'executionId','java.lang.String','1','Y'),(36,'run.id','java.lang.Long','24','Y'),(36,'filePath','java.lang.String','/Users/sonic/KotlinMasterLecture/delivery-catalog-batch/doc/delivery-menus.xlsx','Y'),(37,'executionId','java.lang.String','1','Y'),(37,'run.id','java.lang.Long','25','Y'),(37,'filePath','java.lang.String','/Users/sonic/KotlinMasterLecture/delivery-catalog-batch/doc/delivery-menus.xlsx','Y'),(38,'executionId','java.lang.String','1','Y'),(38,'run.id','java.lang.Long','26','Y'),(38,'filePath','java.lang.String','/Users/sonic/KotlinMasterLecture/delivery-catalog-batch/doc/delivery-menus.xlsx','Y'),(39,'executionId','java.lang.String','1','Y'),(39,'run.id','java.lang.Long','27','Y'),(39,'filePath','java.lang.String','/Users/sonic/KotlinMasterLecture/delivery-catalog-batch/doc/delivery-menus.xlsx','Y');
/*!40000 ALTER TABLE `BATCH_JOB_EXECUTION_PARAMS` ENABLE KEYS */;
UNLOCK TABLES;

--
-- Table structure for table `BATCH_JOB_EXECUTION_SEQ`
--

DROP TABLE IF EXISTS `BATCH_JOB_EXECUTION_SEQ`;
/*!40101 SET @saved_cs_client     = @@character_set_client */;
/*!50503 SET character_set_client = utf8mb4 */;
CREATE TABLE `BATCH_JOB_EXECUTION_SEQ` (
  `ID` bigint NOT NULL,
  `UNIQUE_KEY` char(1) NOT NULL,
  UNIQUE KEY `UNIQUE_KEY_UN` (`UNIQUE_KEY`)
) ENGINE=InnoDB DEFAULT CHARSET=utf8mb4 COLLATE=utf8mb4_0900_ai_ci;
/*!40101 SET character_set_client = @saved_cs_client */;

--
-- Dumping data for table `BATCH_JOB_EXECUTION_SEQ`
--

LOCK TABLES `BATCH_JOB_EXECUTION_SEQ` WRITE;
/*!40000 ALTER TABLE `BATCH_JOB_EXECUTION_SEQ` DISABLE KEYS */;
INSERT INTO `BATCH_JOB_EXECUTION_SEQ` VALUES (39,'0');
/*!40000 ALTER TABLE `BATCH_JOB_EXECUTION_SEQ` ENABLE KEYS */;
UNLOCK TABLES;

--
-- Table structure for table `BATCH_JOB_INSTANCE`
--

DROP TABLE IF EXISTS `BATCH_JOB_INSTANCE`;
/*!40101 SET @saved_cs_client     = @@character_set_client */;
/*!50503 SET character_set_client = utf8mb4 */;
CREATE TABLE `BATCH_JOB_INSTANCE` (
  `JOB_INSTANCE_ID` bigint NOT NULL,
  `VERSION` bigint DEFAULT NULL,
  `JOB_NAME` varchar(100) NOT NULL,
  `JOB_KEY` varchar(32) NOT NULL,
  PRIMARY KEY (`JOB_INSTANCE_ID`),
  UNIQUE KEY `JOB_INST_UN` (`JOB_NAME`,`JOB_KEY`)
) ENGINE=InnoDB DEFAULT CHARSET=utf8mb4 COLLATE=utf8mb4_0900_ai_ci;
/*!40101 SET character_set_client = @saved_cs_client */;

--
-- Dumping data for table `BATCH_JOB_INSTANCE`
--

LOCK TABLES `BATCH_JOB_INSTANCE` WRITE;
/*!40000 ALTER TABLE `BATCH_JOB_INSTANCE` DISABLE KEYS */;
INSERT INTO `BATCH_JOB_INSTANCE` VALUES (1,0,'helloJob','d41d8cd98f00b204e9800998ecf8427e'),(2,0,'excelToDatabaseJob','947cce338b790a4bb6cf8425e98bcf94'),(3,0,'excelToDatabaseJob','873184ac21ff8558bbd5b28473daefc6'),(4,0,'helloJob','5beb65f458df8931aaa2ff2e06174616'),(5,0,'excelToDatabaseJob','6a65857be821eedd2751b763347336fb'),(6,0,'excelToDatabaseJob','91bb193224b08e1463353e1a1f409e18'),(7,0,'excelToDatabaseJob','58faa4799400dd9dab8ae8801abbe2c4'),(8,0,'excelToDatabaseJob','44513c2f79c4a2c91efb1a25e6560e53'),(9,0,'excelToDatabaseJob','3107e8c8ababb3131ee1b61229c92add'),(10,0,'excelJob','56e0f54d4fe49732d355d238ee9aeb58'),(11,0,'excelJob','39d80a459589f3d3fbca7e6374c59c0b'),(12,0,'excelJob','2c5f1a3b4a2a91670b932c06e096394d'),(13,0,'excelJob','334e78a4925cdd2460cb380d449e6619'),(14,0,'excelJob','df864912bbea9f2f589117a60a483a4b'),(15,0,'excelJob','76fa3e1b4cafc8d28a799aa56942f54a'),(16,0,'excelJob','cb6f0dc34c400051b2b985cc569a628a'),(17,0,'excelJob','f1d49a65b1d236fa9d6a5c6af822474c'),(18,0,'excelJob','09045c59613491b910f3ab366afe62ba'),(19,0,'excelJob','587a82736e50734e67a8204fbda1491d'),(20,0,'excelJob','5411975b5dc8c07295b4440579a446fb'),(21,0,'excelJob','061a29b518992ce9f548160ea246e7e0'),(22,0,'excelJob','e5d38e75ccec6559ef46d2c9aa21e700'),(23,0,'excelJob','5d0fa867b4a07bcbacb53b3fd11389dc'),(24,0,'excelJob','9ae8f1d6bbda6bde318415901afc637e'),(25,0,'excelJob','d47f5cbb2c54035cd12c4997191ecee0'),(26,0,'excelJob','b541ac1d0808a3dea50ce036b3787446'),(27,0,'excelJob','92880e6932888a7c6ab2ca416d31bc10'),(28,0,'excelJob','046eb5f9f41619d27b865bfa262b98b6'),(29,0,'excelJob','cf658ac555e96d810d23c0ea1a93589d'),(30,0,'excelJob','bfe188944ce44cec11b4d8ede8df89ae'),(31,0,'excelJob','368ce58969a348e8f620bd48d52e5b1c'),(32,0,'excelJob','06e85a528699464288e8713719a6660e'),(33,0,'excelJob','a53473f6cb0f20068ecdd05d23b637b6'),(34,0,'excelJob','5f3439de1122c27809755cb27c85c824'),(35,0,'excelJob','7080927d86d0c876372fe844d98833e6'),(36,0,'excelJob','a5a29ecf7bc32ce0a3f1a9014295d75d'),(37,0,'excelJob','9c2e260cc7673f99fa408a19e0f9feb8');
/*!40000 ALTER TABLE `BATCH_JOB_INSTANCE` ENABLE KEYS */;
UNLOCK TABLES;

--
-- Table structure for table `BATCH_JOB_SEQ`
--

DROP TABLE IF EXISTS `BATCH_JOB_SEQ`;
/*!40101 SET @saved_cs_client     = @@character_set_client */;
/*!50503 SET character_set_client = utf8mb4 */;
CREATE TABLE `BATCH_JOB_SEQ` (
  `ID` bigint NOT NULL,
  `UNIQUE_KEY` char(1) NOT NULL,
  UNIQUE KEY `UNIQUE_KEY_UN` (`UNIQUE_KEY`)
) ENGINE=InnoDB DEFAULT CHARSET=utf8mb4 COLLATE=utf8mb4_0900_ai_ci;
/*!40101 SET character_set_client = @saved_cs_client */;

--
-- Dumping data for table `BATCH_JOB_SEQ`
--

LOCK TABLES `BATCH_JOB_SEQ` WRITE;
/*!40000 ALTER TABLE `BATCH_JOB_SEQ` DISABLE KEYS */;
INSERT INTO `BATCH_JOB_SEQ` VALUES (37,'0');
/*!40000 ALTER TABLE `BATCH_JOB_SEQ` ENABLE KEYS */;
UNLOCK TABLES;

--
-- Table structure for table `BATCH_STEP_EXECUTION`
--

DROP TABLE IF EXISTS `BATCH_STEP_EXECUTION`;
/*!40101 SET @saved_cs_client     = @@character_set_client */;
/*!50503 SET character_set_client = utf8mb4 */;
CREATE TABLE `BATCH_STEP_EXECUTION` (
  `STEP_EXECUTION_ID` bigint NOT NULL,
  `VERSION` bigint NOT NULL,
  `STEP_NAME` varchar(100) NOT NULL,
  `JOB_EXECUTION_ID` bigint NOT NULL,
  `CREATE_TIME` datetime(6) NOT NULL,
  `START_TIME` datetime(6) DEFAULT NULL,
  `END_TIME` datetime(6) DEFAULT NULL,
  `STATUS` varchar(10) DEFAULT NULL,
  `COMMIT_COUNT` bigint DEFAULT NULL,
  `READ_COUNT` bigint DEFAULT NULL,
  `FILTER_COUNT` bigint DEFAULT NULL,
  `WRITE_COUNT` bigint DEFAULT NULL,
  `READ_SKIP_COUNT` bigint DEFAULT NULL,
  `WRITE_SKIP_COUNT` bigint DEFAULT NULL,
  `PROCESS_SKIP_COUNT` bigint DEFAULT NULL,
  `ROLLBACK_COUNT` bigint DEFAULT NULL,
  `EXIT_CODE` varchar(2500) DEFAULT NULL,
  `EXIT_MESSAGE` varchar(2500) DEFAULT NULL,
  `LAST_UPDATED` datetime(6) DEFAULT NULL,
  PRIMARY KEY (`STEP_EXECUTION_ID`),
  KEY `JOB_EXEC_STEP_FK` (`JOB_EXECUTION_ID`),
  CONSTRAINT `JOB_EXEC_STEP_FK` FOREIGN KEY (`JOB_EXECUTION_ID`) REFERENCES `BATCH_JOB_EXECUTION` (`JOB_EXECUTION_ID`)
) ENGINE=InnoDB DEFAULT CHARSET=utf8mb4 COLLATE=utf8mb4_0900_ai_ci;
/*!40101 SET character_set_client = @saved_cs_client */;

--
-- Dumping data for table `BATCH_STEP_EXECUTION`
--

LOCK TABLES `BATCH_STEP_EXECUTION` WRITE;
/*!40000 ALTER TABLE `BATCH_STEP_EXECUTION` DISABLE KEYS */;
INSERT INTO `BATCH_STEP_EXECUTION` VALUES (1,3,'helloStep',1,'2023-11-17 23:12:42.965211','2023-11-17 23:12:42.979757','2023-11-17 23:12:43.004655','COMPLETED',1,0,0,0,0,0,0,0,'COMPLETED','','2023-11-17 23:12:43.006566'),(2,2,'excelToDatabaseStep',2,'2023-11-17 23:16:28.840722','2023-11-17 23:16:28.849212','2023-11-17 23:16:28.878469','FAILED',0,0,0,0,0,0,0,1,'FAILED','org.springframework.beans.factory.BeanCreationException: Error creating bean with name \'scopedTarget.menuRowItemReader\' defined in class path resource [com/fastcampus/deliverycatalogbatch/config/jobs/menu/ExcelBatchJobConfiguration.class]: Failed to instantiate [org.springframework.batch.item.ItemReader]: Factory method \'menuRowItemReader\' threw exception with message: 엑셀 파일을 찾을 수 없습니다.\n	at org.springframework.beans.factory.support.ConstructorResolver.instantiate(ConstructorResolver.java:654)\n	at org.springframework.beans.factory.support.ConstructorResolver.instantiateUsingFactoryMethod(ConstructorResolver.java:642)\n	at org.springframework.beans.factory.support.AbstractAutowireCapableBeanFactory.instantiateUsingFactoryMethod(AbstractAutowireCapableBeanFactory.java:1332)\n	at org.springframework.beans.factory.support.AbstractAutowireCapableBeanFactory.createBeanInstance(AbstractAutowireCapableBeanFactory.java:1162)\n	at org.springframework.beans.factory.support.AbstractAutowireCapableBeanFactory.doCreateBean(AbstractAutowireCapableBeanFactory.java:560)\n	at org.springframework.beans.factory.support.AbstractAutowireCapableBeanFactory.createBean(AbstractAutowireCapableBeanFactory.java:520)\n	at org.springframework.beans.factory.support.AbstractBeanFactory.lambda$doGetBean$1(AbstractBeanFactory.java:364)\n	at org.springframework.batch.core.scope.JobScope.get(JobScope.java:105)\n	at org.springframework.beans.factory.support.AbstractBeanFactory.doGetBean(AbstractBeanFactory.java:361)\n	at org.springframework.beans.factory.support.AbstractBeanFactory.getBean(AbstractBeanFactory.java:199)\n	at org.springframework.aop.target.SimpleBeanTargetSource.getTarget(SimpleBeanTargetSource.java:35)\n	at org.springframework.aop.framework.JdkDynamicAopProxy.invoke(JdkDynamicAopProxy.java:224)\n	at jdk.proxy3/jdk.proxy3.$Proxy48.read(Unknown Source)\n	at org.springframework.batch.core.step.item.SimpleChunkProvider.doRead(SimpleChunkProvider.java:108)\n	at org.springframework.batch.core.step.item.SimpleChunkProvider.read(SimpleChunkProvider.java:182)\n	at org.springframework.batch.core.step.item.SimpleChunkProvider.lambda$provide$0(SimpleChunkProvider.java:132)\n	at org.springframework.batch.repeat.support.RepeatTemplate.getNextResult(RepeatTemplate.java:362)\n	at org.springframework.batch.repeat.support.RepeatTemplate.executeInternal(RepeatTemplate.java:206)\n	at org.springframework.batch.repeat.support.RepeatTemplate.iterate(RepeatTemplate.java:140)\n	at org.springframework.batch.core.step.ite','2023-11-17 23:16:28.880162'),(3,2,'excelToDatabaseStep',3,'2023-11-17 23:25:35.056569','2023-11-17 23:25:35.073837','2023-11-17 23:25:35.128747','FAILED',0,0,0,0,0,0,0,1,'FAILED','org.springframework.beans.factory.BeanCreationException: Error creating bean with name \'scopedTarget.menuRowItemReader\' defined in class path resource [com/fastcampus/deliverycatalogbatch/config/jobs/menu/ExcelBatchJobConfiguration.class]: Failed to instantiate [org.springframework.batch.item.ItemReader]: Factory method \'menuRowItemReader\' threw exception with message: 엑셀 파일을 찾을 수 없습니다.\n	at org.springframework.beans.factory.support.ConstructorResolver.instantiate(ConstructorResolver.java:654)\n	at org.springframework.beans.factory.support.ConstructorResolver.instantiateUsingFactoryMethod(ConstructorResolver.java:642)\n	at org.springframework.beans.factory.support.AbstractAutowireCapableBeanFactory.instantiateUsingFactoryMethod(AbstractAutowireCapableBeanFactory.java:1332)\n	at org.springframework.beans.factory.support.AbstractAutowireCapableBeanFactory.createBeanInstance(AbstractAutowireCapableBeanFactory.java:1162)\n	at org.springframework.beans.factory.support.AbstractAutowireCapableBeanFactory.doCreateBean(AbstractAutowireCapableBeanFactory.java:560)\n	at org.springframework.beans.factory.support.AbstractAutowireCapableBeanFactory.createBean(AbstractAutowireCapableBeanFactory.java:520)\n	at org.springframework.beans.factory.support.AbstractBeanFactory.lambda$doGetBean$1(AbstractBeanFactory.java:364)\n	at org.springframework.batch.core.scope.JobScope.get(JobScope.java:105)\n	at org.springframework.beans.factory.support.AbstractBeanFactory.doGetBean(AbstractBeanFactory.java:361)\n	at org.springframework.beans.factory.support.AbstractBeanFactory.getBean(AbstractBeanFactory.java:199)\n	at org.springframework.aop.target.SimpleBeanTargetSource.getTarget(SimpleBeanTargetSource.java:35)\n	at org.springframework.aop.framework.JdkDynamicAopProxy.invoke(JdkDynamicAopProxy.java:224)\n	at jdk.proxy3/jdk.proxy3.$Proxy48.read(Unknown Source)\n	at org.springframework.batch.core.step.item.SimpleChunkProvider.doRead(SimpleChunkProvider.java:108)\n	at org.springframework.batch.core.step.item.SimpleChunkProvider.read(SimpleChunkProvider.java:182)\n	at org.springframework.batch.core.step.item.SimpleChunkProvider.lambda$provide$0(SimpleChunkProvider.java:132)\n	at org.springframework.batch.repeat.support.RepeatTemplate.getNextResult(RepeatTemplate.java:362)\n	at org.springframework.batch.repeat.support.RepeatTemplate.executeInternal(RepeatTemplate.java:206)\n	at org.springframework.batch.repeat.support.RepeatTemplate.iterate(RepeatTemplate.java:140)\n	at org.springframework.batch.core.step.ite','2023-11-17 23:25:35.133562'),(4,3,'helloStep',6,'2023-11-17 23:52:49.585145','2023-11-17 23:52:49.595253','2023-11-17 23:52:49.632227','COMPLETED',1,0,0,0,0,0,0,0,'COMPLETED','','2023-11-17 23:52:49.636053'),(5,2,'excelToDatabaseStep',7,'2023-11-17 23:55:27.459489','2023-11-17 23:55:27.467186','2023-11-17 23:55:27.503220','FAILED',0,0,0,0,0,0,0,1,'FAILED','java.lang.NullPointerException: Cannot invoke \"org.apache.poi.ss.usermodel.Workbook.getNumberOfSheets()\" because \"this.workbook\" is null\n	at org.springframework.batch.extensions.excel.poi.PoiItemReader.getNumberOfSheets(PoiItemReader.java:56)\n	at org.springframework.batch.extensions.excel.AbstractExcelItemReader.nextSheet(AbstractExcelItemReader.java:178)\n	at org.springframework.batch.extensions.excel.AbstractExcelItemReader.doRead(AbstractExcelItemReader.java:97)\n	at org.springframework.batch.item.support.AbstractItemCountingItemStreamItemReader.read(AbstractItemCountingItemStreamItemReader.java:95)\n	at org.springframework.batch.extensions.excel.AbstractExcelItemReader.read(AbstractExcelItemReader.java:75)\n	at com.fastcampus.deliverycatalogbatch.config.jobs.menu.ExcelItemReader.read(ExcelMenuReader.kt:24)\n	at java.base/jdk.internal.reflect.NativeMethodAccessorImpl.invoke0(Native Method)\n	at java.base/jdk.internal.reflect.NativeMethodAccessorImpl.invoke(NativeMethodAccessorImpl.java:77)\n	at java.base/jdk.internal.reflect.DelegatingMethodAccessorImpl.invoke(DelegatingMethodAccessorImpl.java:43)\n	at java.base/java.lang.reflect.Method.invoke(Method.java:568)\n	at org.springframework.aop.support.AopUtils.invokeJoinpointUsingReflection(AopUtils.java:343)\n	at org.springframework.aop.framework.ReflectiveMethodInvocation.invokeJoinpoint(ReflectiveMethodInvocation.java:196)\n	at org.springframework.aop.framework.ReflectiveMethodInvocation.proceed(ReflectiveMethodInvocation.java:163)\n	at org.springframework.aop.support.DelegatingIntroductionInterceptor.doProceed(DelegatingIntroductionInterceptor.java:137)\n	at org.springframework.aop.support.DelegatingIntroductionInterceptor.invoke(DelegatingIntroductionInterceptor.java:124)\n	at org.springframework.aop.framework.ReflectiveMethodInvocation.proceed(ReflectiveMethodInvocation.java:184)\n	at org.springframework.aop.framework.JdkDynamicAopProxy.invoke(JdkDynamicAopProxy.java:244)\n	at jdk.proxy3/jdk.proxy3.$Proxy49.read(Unknown Source)\n	at org.springframework.batch.core.step.item.SimpleChunkProvider.doRead(SimpleChunkProvider.java:108)\n	at org.springframework.batch.core.step.item.SimpleChunkProvider.read(SimpleChunkProvider.java:182)\n	at org.springframework.batch.core.step.item.SimpleChunkProvider.lambda$provide$0(SimpleChunkProvider.java:132)\n	at org.springframework.batch.repeat.support.RepeatTemplate.getNextResult(RepeatTemplate.java:362)\n	at org.springframework.batch.repeat.support.RepeatTemplate.executeInternal(RepeatTemp','2023-11-17 23:55:27.505345'),(6,2,'excelToDatabaseStep',8,'2023-11-17 23:58:31.364047','2023-11-17 23:58:31.396901','2023-11-17 23:58:31.531662','FAILED',0,0,0,0,0,0,0,1,'FAILED','java.lang.NullPointerException: Cannot invoke \"org.apache.poi.ss.usermodel.Workbook.getNumberOfSheets()\" because \"this.workbook\" is null\n	at org.springframework.batch.extensions.excel.poi.PoiItemReader.getNumberOfSheets(PoiItemReader.java:56)\n	at org.springframework.batch.extensions.excel.AbstractExcelItemReader.nextSheet(AbstractExcelItemReader.java:178)\n	at org.springframework.batch.extensions.excel.AbstractExcelItemReader.doRead(AbstractExcelItemReader.java:97)\n	at org.springframework.batch.item.support.AbstractItemCountingItemStreamItemReader.read(AbstractItemCountingItemStreamItemReader.java:95)\n	at org.springframework.batch.extensions.excel.AbstractExcelItemReader.read(AbstractExcelItemReader.java:75)\n	at com.fastcampus.deliverycatalogbatch.config.jobs.menu.ExcelItemReader.read(ExcelMenuReader.kt:29)\n	at java.base/jdk.internal.reflect.NativeMethodAccessorImpl.invoke0(Native Method)\n	at java.base/jdk.internal.reflect.NativeMethodAccessorImpl.invoke(NativeMethodAccessorImpl.java:77)\n	at java.base/jdk.internal.reflect.DelegatingMethodAccessorImpl.invoke(DelegatingMethodAccessorImpl.java:43)\n	at java.base/java.lang.reflect.Method.invoke(Method.java:568)\n	at org.springframework.aop.support.AopUtils.invokeJoinpointUsingReflection(AopUtils.java:343)\n	at org.springframework.aop.framework.ReflectiveMethodInvocation.invokeJoinpoint(ReflectiveMethodInvocation.java:196)\n	at org.springframework.aop.framework.ReflectiveMethodInvocation.proceed(ReflectiveMethodInvocation.java:163)\n	at org.springframework.aop.support.DelegatingIntroductionInterceptor.doProceed(DelegatingIntroductionInterceptor.java:137)\n	at org.springframework.aop.support.DelegatingIntroductionInterceptor.invoke(DelegatingIntroductionInterceptor.java:124)\n	at org.springframework.aop.framework.ReflectiveMethodInvocation.proceed(ReflectiveMethodInvocation.java:184)\n	at org.springframework.aop.framework.JdkDynamicAopProxy.invoke(JdkDynamicAopProxy.java:244)\n	at jdk.proxy3/jdk.proxy3.$Proxy49.read(Unknown Source)\n	at org.springframework.batch.core.step.item.SimpleChunkProvider.doRead(SimpleChunkProvider.java:108)\n	at org.springframework.batch.core.step.item.SimpleChunkProvider.read(SimpleChunkProvider.java:182)\n	at org.springframework.batch.core.step.item.SimpleChunkProvider.lambda$provide$0(SimpleChunkProvider.java:132)\n	at org.springframework.batch.repeat.support.RepeatTemplate.getNextResult(RepeatTemplate.java:362)\n	at org.springframework.batch.repeat.support.RepeatTemplate.executeInternal(RepeatTemp','2023-11-17 23:58:31.533492'),(7,2,'excelToDatabaseStep',9,'2023-11-18 00:03:45.471118','2023-11-18 00:03:45.488076','2023-11-18 00:04:17.426115','FAILED',0,0,0,0,0,0,0,1,'FAILED','java.lang.NullPointerException: Cannot invoke \"org.apache.poi.ss.usermodel.Workbook.getNumberOfSheets()\" because \"this.workbook\" is null\n	at org.springframework.batch.extensions.excel.poi.PoiItemReader.getNumberOfSheets(PoiItemReader.java:56)\n	at org.springframework.batch.extensions.excel.AbstractExcelItemReader.nextSheet(AbstractExcelItemReader.java:178)\n	at org.springframework.batch.extensions.excel.AbstractExcelItemReader.doRead(AbstractExcelItemReader.java:97)\n	at org.springframework.batch.item.support.AbstractItemCountingItemStreamItemReader.read(AbstractItemCountingItemStreamItemReader.java:95)\n	at org.springframework.batch.extensions.excel.AbstractExcelItemReader.read(AbstractExcelItemReader.java:75)\n	at com.fastcampus.deliverycatalogbatch.config.jobs.menu.ExcelItemReader.read(ExcelMenuReader.kt:30)\n	at java.base/jdk.internal.reflect.NativeMethodAccessorImpl.invoke0(Native Method)\n	at java.base/jdk.internal.reflect.NativeMethodAccessorImpl.invoke(NativeMethodAccessorImpl.java:77)\n	at java.base/jdk.internal.reflect.DelegatingMethodAccessorImpl.invoke(DelegatingMethodAccessorImpl.java:43)\n	at java.base/java.lang.reflect.Method.invoke(Method.java:568)\n	at org.springframework.aop.support.AopUtils.invokeJoinpointUsingReflection(AopUtils.java:343)\n	at org.springframework.aop.framework.ReflectiveMethodInvocation.invokeJoinpoint(ReflectiveMethodInvocation.java:196)\n	at org.springframework.aop.framework.ReflectiveMethodInvocation.proceed(ReflectiveMethodInvocation.java:163)\n	at org.springframework.aop.support.DelegatingIntroductionInterceptor.doProceed(DelegatingIntroductionInterceptor.java:137)\n	at org.springframework.aop.support.DelegatingIntroductionInterceptor.invoke(DelegatingIntroductionInterceptor.java:124)\n	at org.springframework.aop.framework.ReflectiveMethodInvocation.proceed(ReflectiveMethodInvocation.java:184)\n	at org.springframework.aop.framework.JdkDynamicAopProxy.invoke(JdkDynamicAopProxy.java:244)\n	at jdk.proxy3/jdk.proxy3.$Proxy49.read(Unknown Source)\n	at org.springframework.batch.core.step.item.SimpleChunkProvider.doRead(SimpleChunkProvider.java:108)\n	at org.springframework.batch.core.step.item.SimpleChunkProvider.read(SimpleChunkProvider.java:182)\n	at org.springframework.batch.core.step.item.SimpleChunkProvider.lambda$provide$0(SimpleChunkProvider.java:132)\n	at org.springframework.batch.repeat.support.RepeatTemplate.getNextResult(RepeatTemplate.java:362)\n	at org.springframework.batch.repeat.support.RepeatTemplate.executeInternal(RepeatTemp','2023-11-18 00:04:17.440878'),(8,3,'excelToDatabaseStep',10,'2023-11-18 00:14:57.461772','2023-11-18 00:14:57.474237','2023-11-18 00:15:12.379495','COMPLETED',1,0,0,0,0,0,0,0,'COMPLETED','','2023-11-18 00:15:12.386306'),(9,3,'excelToDatabaseStep',11,'2023-11-18 00:33:22.578103','2023-11-18 00:33:22.588833','2023-11-18 00:33:58.927854','COMPLETED',1,0,0,0,0,0,0,0,'COMPLETED','','2023-11-18 00:33:58.931678'),(10,3,'excelStep',12,'2023-11-18 00:41:20.134770','2023-11-18 00:41:20.143654','2023-11-18 00:41:20.448518','COMPLETED',1,0,0,0,0,0,0,0,'COMPLETED','','2023-11-18 00:41:20.451526'),(11,3,'excelStep',13,'2023-11-18 00:46:25.664718','2023-11-18 00:46:25.677368','2023-11-18 00:46:25.961133','COMPLETED',1,0,0,0,0,0,0,0,'COMPLETED','','2023-11-18 00:46:25.962974'),(12,2,'excelStep',14,'2023-11-18 00:50:31.977617','2023-11-18 00:50:31.988136','2023-11-18 00:50:32.342956','FAILED',0,0,0,0,0,0,0,1,'FAILED','java.lang.IllegalStateException: Cannot get a NUMERIC value from a STRING cell\n	at org.apache.poi.xssf.usermodel.XSSFCell.typeMismatch(XSSFCell.java:987)\n	at org.apache.poi.xssf.usermodel.XSSFCell.getNumericCellValue(XSSFCell.java:260)\n	at com.fastcampus.deliverycatalogbatch.config.jobs.excel.ExcelJobConfiguration.excelStep$lambda$1(ExcelJobConfiguration.kt:54)\n	at org.springframework.batch.core.step.tasklet.TaskletStep$ChunkTransactionCallback.doInTransaction(TaskletStep.java:389)\n	at org.springframework.batch.core.step.tasklet.TaskletStep$ChunkTransactionCallback.doInTransaction(TaskletStep.java:313)\n	at org.springframework.transaction.support.TransactionTemplate.execute(TransactionTemplate.java:140)\n	at org.springframework.batch.core.step.tasklet.TaskletStep$2.doInChunkContext(TaskletStep.java:256)\n	at org.springframework.batch.core.scope.context.StepContextRepeatCallback.doInIteration(StepContextRepeatCallback.java:82)\n	at org.springframework.batch.repeat.support.RepeatTemplate.getNextResult(RepeatTemplate.java:362)\n	at org.springframework.batch.repeat.support.RepeatTemplate.executeInternal(RepeatTemplate.java:206)\n	at org.springframework.batch.repeat.support.RepeatTemplate.iterate(RepeatTemplate.java:140)\n	at org.springframework.batch.core.step.tasklet.TaskletStep.doExecute(TaskletStep.java:241)\n	at org.springframework.batch.core.step.AbstractStep.execute(AbstractStep.java:229)\n	at java.base/jdk.internal.reflect.NativeMethodAccessorImpl.invoke0(Native Method)\n	at java.base/jdk.internal.reflect.NativeMethodAccessorImpl.invoke(NativeMethodAccessorImpl.java:77)\n	at java.base/jdk.internal.reflect.DelegatingMethodAccessorImpl.invoke(DelegatingMethodAccessorImpl.java:43)\n	at java.base/java.lang.reflect.Method.invoke(Method.java:568)\n	at org.springframework.aop.support.AopUtils.invokeJoinpointUsingReflection(AopUtils.java:343)\n	at org.springframework.aop.framework.ReflectiveMethodInvocation.invokeJoinpoint(ReflectiveMethodInvocation.java:196)\n	at org.springframework.aop.framework.ReflectiveMethodInvocation.proceed(ReflectiveMethodInvocation.java:163)\n	at org.springframework.aop.support.DelegatingIntroductionInterceptor.doProceed(DelegatingIntroductionInterceptor.java:137)\n	at org.springframework.aop.support.DelegatingIntroductionInterceptor.invoke(DelegatingIntroductionInterceptor.java:124)\n	at org.springframework.aop.framework.ReflectiveMethodInvocation.proceed(ReflectiveMethodInvocation.java:184)\n	at org.springframework.aop.framework.JdkDynamicAopProxy.inv','2023-11-18 00:50:32.346205'),(13,2,'excelStep',15,'2023-11-18 00:51:23.964477','2023-11-18 00:51:23.974372','2023-11-18 00:51:24.249955','FAILED',0,0,0,0,0,0,0,1,'FAILED','java.lang.IllegalStateException: Cannot get a NUMERIC value from a STRING cell\n	at org.apache.poi.xssf.usermodel.XSSFCell.typeMismatch(XSSFCell.java:987)\n	at org.apache.poi.xssf.usermodel.XSSFCell.getNumericCellValue(XSSFCell.java:260)\n	at com.fastcampus.deliverycatalogbatch.config.jobs.excel.ExcelJobConfiguration.excelStep$lambda$1(ExcelJobConfiguration.kt:55)\n	at org.springframework.batch.core.step.tasklet.TaskletStep$ChunkTransactionCallback.doInTransaction(TaskletStep.java:389)\n	at org.springframework.batch.core.step.tasklet.TaskletStep$ChunkTransactionCallback.doInTransaction(TaskletStep.java:313)\n	at org.springframework.transaction.support.TransactionTemplate.execute(TransactionTemplate.java:140)\n	at org.springframework.batch.core.step.tasklet.TaskletStep$2.doInChunkContext(TaskletStep.java:256)\n	at org.springframework.batch.core.scope.context.StepContextRepeatCallback.doInIteration(StepContextRepeatCallback.java:82)\n	at org.springframework.batch.repeat.support.RepeatTemplate.getNextResult(RepeatTemplate.java:362)\n	at org.springframework.batch.repeat.support.RepeatTemplate.executeInternal(RepeatTemplate.java:206)\n	at org.springframework.batch.repeat.support.RepeatTemplate.iterate(RepeatTemplate.java:140)\n	at org.springframework.batch.core.step.tasklet.TaskletStep.doExecute(TaskletStep.java:241)\n	at org.springframework.batch.core.step.AbstractStep.execute(AbstractStep.java:229)\n	at java.base/jdk.internal.reflect.NativeMethodAccessorImpl.invoke0(Native Method)\n	at java.base/jdk.internal.reflect.NativeMethodAccessorImpl.invoke(NativeMethodAccessorImpl.java:77)\n	at java.base/jdk.internal.reflect.DelegatingMethodAccessorImpl.invoke(DelegatingMethodAccessorImpl.java:43)\n	at java.base/java.lang.reflect.Method.invoke(Method.java:568)\n	at org.springframework.aop.support.AopUtils.invokeJoinpointUsingReflection(AopUtils.java:343)\n	at org.springframework.aop.framework.ReflectiveMethodInvocation.invokeJoinpoint(ReflectiveMethodInvocation.java:196)\n	at org.springframework.aop.framework.ReflectiveMethodInvocation.proceed(ReflectiveMethodInvocation.java:163)\n	at org.springframework.aop.support.DelegatingIntroductionInterceptor.doProceed(DelegatingIntroductionInterceptor.java:137)\n	at org.springframework.aop.support.DelegatingIntroductionInterceptor.invoke(DelegatingIntroductionInterceptor.java:124)\n	at org.springframework.aop.framework.ReflectiveMethodInvocation.proceed(ReflectiveMethodInvocation.java:184)\n	at org.springframework.aop.framework.JdkDynamicAopProxy.inv','2023-11-18 00:51:24.252750'),(14,2,'excelStep',16,'2023-11-18 00:51:50.913863','2023-11-18 00:51:50.921767','2023-11-18 00:51:51.224267','FAILED',0,0,0,0,0,0,0,1,'FAILED','java.lang.IllegalStateException: Cannot get a STRING value from a NUMERIC cell\n	at org.apache.poi.xssf.usermodel.XSSFCell.typeMismatch(XSSFCell.java:987)\n	at org.apache.poi.xssf.usermodel.XSSFCell.getRichStringCellValue(XSSFCell.java:336)\n	at org.apache.poi.xssf.usermodel.XSSFCell.getStringCellValue(XSSFCell.java:280)\n	at com.fastcampus.deliverycatalogbatch.config.jobs.excel.ExcelJobConfiguration.excelStep$lambda$1(ExcelJobConfiguration.kt:54)\n	at org.springframework.batch.core.step.tasklet.TaskletStep$ChunkTransactionCallback.doInTransaction(TaskletStep.java:389)\n	at org.springframework.batch.core.step.tasklet.TaskletStep$ChunkTransactionCallback.doInTransaction(TaskletStep.java:313)\n	at org.springframework.transaction.support.TransactionTemplate.execute(TransactionTemplate.java:140)\n	at org.springframework.batch.core.step.tasklet.TaskletStep$2.doInChunkContext(TaskletStep.java:256)\n	at org.springframework.batch.core.scope.context.StepContextRepeatCallback.doInIteration(StepContextRepeatCallback.java:82)\n	at org.springframework.batch.repeat.support.RepeatTemplate.getNextResult(RepeatTemplate.java:362)\n	at org.springframework.batch.repeat.support.RepeatTemplate.executeInternal(RepeatTemplate.java:206)\n	at org.springframework.batch.repeat.support.RepeatTemplate.iterate(RepeatTemplate.java:140)\n	at org.springframework.batch.core.step.tasklet.TaskletStep.doExecute(TaskletStep.java:241)\n	at org.springframework.batch.core.step.AbstractStep.execute(AbstractStep.java:229)\n	at java.base/jdk.internal.reflect.NativeMethodAccessorImpl.invoke0(Native Method)\n	at java.base/jdk.internal.reflect.NativeMethodAccessorImpl.invoke(NativeMethodAccessorImpl.java:77)\n	at java.base/jdk.internal.reflect.DelegatingMethodAccessorImpl.invoke(DelegatingMethodAccessorImpl.java:43)\n	at java.base/java.lang.reflect.Method.invoke(Method.java:568)\n	at org.springframework.aop.support.AopUtils.invokeJoinpointUsingReflection(AopUtils.java:343)\n	at org.springframework.aop.framework.ReflectiveMethodInvocation.invokeJoinpoint(ReflectiveMethodInvocation.java:196)\n	at org.springframework.aop.framework.ReflectiveMethodInvocation.proceed(ReflectiveMethodInvocation.java:163)\n	at org.springframework.aop.support.DelegatingIntroductionInterceptor.doProceed(DelegatingIntroductionInterceptor.java:137)\n	at org.springframework.aop.support.DelegatingIntroductionInterceptor.invoke(DelegatingIntroductionInterceptor.java:124)\n	at org.springframework.aop.framework.ReflectiveMethodInvocation.proceed(ReflectiveMet','2023-11-18 00:51:51.226427'),(15,3,'excelStep',17,'2023-11-18 00:53:37.406146','2023-11-18 00:53:37.414820','2023-11-18 00:53:37.694451','COMPLETED',1,0,0,0,0,0,0,0,'COMPLETED','','2023-11-18 00:53:37.696438'),(16,3,'excelStep',18,'2023-11-18 01:02:44.121723','2023-11-18 01:02:44.131977','2023-11-18 01:02:44.685426','COMPLETED',1,0,0,0,0,0,0,0,'COMPLETED','','2023-11-18 01:02:44.693651'),(17,3,'excelStep',19,'2023-11-18 01:03:58.633310','2023-11-18 01:03:58.642854','2023-11-18 01:03:58.914956','COMPLETED',1,0,0,0,0,0,0,0,'COMPLETED','','2023-11-18 01:03:58.916478'),(18,2,'excelStep',20,'2023-11-18 10:41:25.578285','2023-11-18 10:41:25.587383','2023-11-18 10:41:25.883671','FAILED',0,0,0,0,0,0,0,1,'FAILED','java.lang.ClassCastException: class java.lang.String cannot be cast to class java.lang.Long (java.lang.String and java.lang.Long are in module java.base of loader \'bootstrap\')\n	at com.fastcampus.deliverycatalogbatch.config.jobs.excel.ExcelJobConfiguration.excelStep$lambda$2(ExcelJobConfiguration.kt:72)\n	at org.springframework.batch.core.step.tasklet.TaskletStep$ChunkTransactionCallback.doInTransaction(TaskletStep.java:389)\n	at org.springframework.batch.core.step.tasklet.TaskletStep$ChunkTransactionCallback.doInTransaction(TaskletStep.java:313)\n	at org.springframework.transaction.support.TransactionTemplate.execute(TransactionTemplate.java:140)\n	at org.springframework.batch.core.step.tasklet.TaskletStep$2.doInChunkContext(TaskletStep.java:256)\n	at org.springframework.batch.core.scope.context.StepContextRepeatCallback.doInIteration(StepContextRepeatCallback.java:82)\n	at org.springframework.batch.repeat.support.RepeatTemplate.getNextResult(RepeatTemplate.java:362)\n	at org.springframework.batch.repeat.support.RepeatTemplate.executeInternal(RepeatTemplate.java:206)\n	at org.springframework.batch.repeat.support.RepeatTemplate.iterate(RepeatTemplate.java:140)\n	at org.springframework.batch.core.step.tasklet.TaskletStep.doExecute(TaskletStep.java:241)\n	at org.springframework.batch.core.step.AbstractStep.execute(AbstractStep.java:229)\n	at java.base/jdk.internal.reflect.NativeMethodAccessorImpl.invoke0(Native Method)\n	at java.base/jdk.internal.reflect.NativeMethodAccessorImpl.invoke(NativeMethodAccessorImpl.java:77)\n	at java.base/jdk.internal.reflect.DelegatingMethodAccessorImpl.invoke(DelegatingMethodAccessorImpl.java:43)\n	at java.base/java.lang.reflect.Method.invoke(Method.java:568)\n	at org.springframework.aop.support.AopUtils.invokeJoinpointUsingReflection(AopUtils.java:343)\n	at org.springframework.aop.framework.ReflectiveMethodInvocation.invokeJoinpoint(ReflectiveMethodInvocation.java:196)\n	at org.springframework.aop.framework.ReflectiveMethodInvocation.proceed(ReflectiveMethodInvocation.java:163)\n	at org.springframework.aop.support.DelegatingIntroductionInterceptor.doProceed(DelegatingIntroductionInterceptor.java:137)\n	at org.springframework.aop.support.DelegatingIntroductionInterceptor.invoke(DelegatingIntroductionInterceptor.java:124)\n	at org.springframework.aop.framework.ReflectiveMethodInvocation.proceed(ReflectiveMethodInvocation.java:184)\n	at org.springframework.aop.framework.JdkDynamicAopProxy.invoke(JdkDynamicAopProxy.java:244)\n	at jdk.proxy3/jdk.proxy3.$','2023-11-18 10:41:25.885616'),(19,2,'excelStep',21,'2023-11-18 10:42:19.592300','2023-11-18 10:42:19.599600','2023-11-18 10:42:19.850419','FAILED',0,0,0,0,0,0,0,1,'FAILED','java.lang.NumberFormatException: Character array is missing \"e\" notation exponential mark.\n	at java.base/java.math.BigDecimal.<init>(BigDecimal.java:641)\n	at java.base/java.math.BigDecimal.<init>(BigDecimal.java:467)\n	at java.base/java.math.BigDecimal.<init>(BigDecimal.java:896)\n	at com.fastcampus.deliverycatalogbatch.config.jobs.excel.ExcelJobConfiguration.excelStep$lambda$2(ExcelJobConfiguration.kt:76)\n	at org.springframework.batch.core.step.tasklet.TaskletStep$ChunkTransactionCallback.doInTransaction(TaskletStep.java:389)\n	at org.springframework.batch.core.step.tasklet.TaskletStep$ChunkTransactionCallback.doInTransaction(TaskletStep.java:313)\n	at org.springframework.transaction.support.TransactionTemplate.execute(TransactionTemplate.java:140)\n	at org.springframework.batch.core.step.tasklet.TaskletStep$2.doInChunkContext(TaskletStep.java:256)\n	at org.springframework.batch.core.scope.context.StepContextRepeatCallback.doInIteration(StepContextRepeatCallback.java:82)\n	at org.springframework.batch.repeat.support.RepeatTemplate.getNextResult(RepeatTemplate.java:362)\n	at org.springframework.batch.repeat.support.RepeatTemplate.executeInternal(RepeatTemplate.java:206)\n	at org.springframework.batch.repeat.support.RepeatTemplate.iterate(RepeatTemplate.java:140)\n	at org.springframework.batch.core.step.tasklet.TaskletStep.doExecute(TaskletStep.java:241)\n	at org.springframework.batch.core.step.AbstractStep.execute(AbstractStep.java:229)\n	at java.base/jdk.internal.reflect.NativeMethodAccessorImpl.invoke0(Native Method)\n	at java.base/jdk.internal.reflect.NativeMethodAccessorImpl.invoke(NativeMethodAccessorImpl.java:77)\n	at java.base/jdk.internal.reflect.DelegatingMethodAccessorImpl.invoke(DelegatingMethodAccessorImpl.java:43)\n	at java.base/java.lang.reflect.Method.invoke(Method.java:568)\n	at org.springframework.aop.support.AopUtils.invokeJoinpointUsingReflection(AopUtils.java:343)\n	at org.springframework.aop.framework.ReflectiveMethodInvocation.invokeJoinpoint(ReflectiveMethodInvocation.java:196)\n	at org.springframework.aop.framework.ReflectiveMethodInvocation.proceed(ReflectiveMethodInvocation.java:163)\n	at org.springframework.aop.support.DelegatingIntroductionInterceptor.doProceed(DelegatingIntroductionInterceptor.java:137)\n	at org.springframework.aop.support.DelegatingIntroductionInterceptor.invoke(DelegatingIntroductionInterceptor.java:124)\n	at org.springframework.aop.framework.ReflectiveMethodInvocation.proceed(ReflectiveMethodInvocation.java:184)\n	at org.springfr','2023-11-18 10:42:19.853002'),(20,2,'excelStep',22,'2023-11-18 10:45:55.939897','2023-11-18 10:45:56.044180','2023-11-18 10:46:35.609981','FAILED',0,0,0,0,0,0,0,1,'FAILED','java.lang.NumberFormatException: Character array is missing \"e\" notation exponential mark.\n	at java.base/java.math.BigDecimal.<init>(BigDecimal.java:641)\n	at java.base/java.math.BigDecimal.<init>(BigDecimal.java:912)\n	at com.fastcampus.deliverycatalogbatch.config.jobs.excel.ExcelJobConfiguration.excelStep$lambda$2(ExcelJobConfiguration.kt:77)\n	at org.springframework.batch.core.step.tasklet.TaskletStep$ChunkTransactionCallback.doInTransaction(TaskletStep.java:389)\n	at org.springframework.batch.core.step.tasklet.TaskletStep$ChunkTransactionCallback.doInTransaction(TaskletStep.java:313)\n	at org.springframework.transaction.support.TransactionTemplate.execute(TransactionTemplate.java:140)\n	at org.springframework.batch.core.step.tasklet.TaskletStep$2.doInChunkContext(TaskletStep.java:256)\n	at org.springframework.batch.core.scope.context.StepContextRepeatCallback.doInIteration(StepContextRepeatCallback.java:82)\n	at org.springframework.batch.repeat.support.RepeatTemplate.getNextResult(RepeatTemplate.java:362)\n	at org.springframework.batch.repeat.support.RepeatTemplate.executeInternal(RepeatTemplate.java:206)\n	at org.springframework.batch.repeat.support.RepeatTemplate.iterate(RepeatTemplate.java:140)\n	at org.springframework.batch.core.step.tasklet.TaskletStep.doExecute(TaskletStep.java:241)\n	at org.springframework.batch.core.step.AbstractStep.execute(AbstractStep.java:229)\n	at java.base/jdk.internal.reflect.NativeMethodAccessorImpl.invoke0(Native Method)\n	at java.base/jdk.internal.reflect.NativeMethodAccessorImpl.invoke(NativeMethodAccessorImpl.java:77)\n	at java.base/jdk.internal.reflect.DelegatingMethodAccessorImpl.invoke(DelegatingMethodAccessorImpl.java:43)\n	at java.base/java.lang.reflect.Method.invoke(Method.java:568)\n	at org.springframework.aop.support.AopUtils.invokeJoinpointUsingReflection(AopUtils.java:343)\n	at org.springframework.aop.framework.ReflectiveMethodInvocation.invokeJoinpoint(ReflectiveMethodInvocation.java:196)\n	at org.springframework.aop.framework.ReflectiveMethodInvocation.proceed(ReflectiveMethodInvocation.java:163)\n	at org.springframework.aop.support.DelegatingIntroductionInterceptor.doProceed(DelegatingIntroductionInterceptor.java:137)\n	at org.springframework.aop.support.DelegatingIntroductionInterceptor.invoke(DelegatingIntroductionInterceptor.java:124)\n	at org.springframework.aop.framework.ReflectiveMethodInvocation.proceed(ReflectiveMethodInvocation.java:184)\n	at org.springframework.aop.framework.JdkDynamicAopProxy.invoke(JdkDynamicAopPr','2023-11-18 10:46:35.626191'),(21,2,'excelStep',23,'2023-11-18 10:46:49.952725','2023-11-18 10:46:49.990802','2023-11-18 10:46:50.389782','FAILED',0,0,0,0,0,0,0,1,'FAILED','org.springframework.beans.factory.NoSuchBeanDefinitionException: No bean named \'transactionManager\' available: No matching TransactionManager bean found for qualifier \'transactionManager\' - neither qualifier match nor bean name match!\n	at org.springframework.beans.factory.annotation.BeanFactoryAnnotationUtils.qualifiedBeanOfType(BeanFactoryAnnotationUtils.java:136)\n	at org.springframework.beans.factory.annotation.BeanFactoryAnnotationUtils.qualifiedBeanOfType(BeanFactoryAnnotationUtils.java:95)\n	at org.springframework.transaction.interceptor.TransactionAspectSupport.determineQualifiedTransactionManager(TransactionAspectSupport.java:518)\n	at org.springframework.transaction.interceptor.TransactionAspectSupport.determineTransactionManager(TransactionAspectSupport.java:499)\n	at org.springframework.transaction.interceptor.TransactionAspectSupport.invokeWithinTransaction(TransactionAspectSupport.java:345)\n	at org.springframework.transaction.interceptor.TransactionInterceptor.invoke(TransactionInterceptor.java:119)\n	at org.springframework.aop.framework.ReflectiveMethodInvocation.proceed(ReflectiveMethodInvocation.java:184)\n	at org.springframework.dao.support.PersistenceExceptionTranslationInterceptor.invoke(PersistenceExceptionTranslationInterceptor.java:137)\n	at org.springframework.aop.framework.ReflectiveMethodInvocation.proceed(ReflectiveMethodInvocation.java:184)\n	at org.springframework.data.jpa.repository.support.CrudMethodMetadataPostProcessor$CrudMethodMetadataPopulatingMethodInterceptor.invoke(CrudMethodMetadataPostProcessor.java:164)\n	at org.springframework.aop.framework.ReflectiveMethodInvocation.proceed(ReflectiveMethodInvocation.java:184)\n	at org.springframework.aop.interceptor.ExposeInvocationInterceptor.invoke(ExposeInvocationInterceptor.java:97)\n	at org.springframework.aop.framework.ReflectiveMethodInvocation.proceed(ReflectiveMethodInvocation.java:184)\n	at org.springframework.data.repository.core.support.MethodInvocationValidator.invoke(MethodInvocationValidator.java:94)\n	at org.springframework.aop.framework.ReflectiveMethodInvocation.proceed(ReflectiveMethodInvocation.java:184)\n	at org.springframework.aop.framework.JdkDynamicAopProxy.invoke(JdkDynamicAopProxy.java:244)\n	at jdk.proxy3/jdk.proxy3.$Proxy103.saveAll(Unknown Source)\n	at com.fastcampus.deliverycatalogbatch.config.jobs.excel.ExcelJobConfiguration.excelStep$lambda$2(ExcelJobConfiguration.kt:83)\n	at org.springframework.batch.core.step.tasklet.TaskletStep$ChunkTransactionCallback.doInTrans','2023-11-18 10:46:50.391799'),(22,3,'excelStep',24,'2023-11-18 10:52:23.309909','2023-11-18 10:52:23.319073','2023-11-18 10:52:23.642687','COMPLETED',1,0,0,0,0,0,0,0,'COMPLETED','','2023-11-18 10:52:23.652317'),(23,3,'excelStep',25,'2023-11-18 10:57:08.490639','2023-11-18 10:57:08.500308','2023-11-18 10:57:08.825691','COMPLETED',1,0,0,0,0,0,0,0,'COMPLETED','','2023-11-18 10:57:08.828343'),(24,3,'excelStep',26,'2023-11-18 11:01:23.722769','2023-11-18 11:01:23.732674','2023-11-18 11:01:24.059344','COMPLETED',1,0,0,0,0,0,0,0,'COMPLETED','','2023-11-18 11:01:24.061589'),(25,3,'excelStep',27,'2023-11-18 11:03:47.325850','2023-11-18 11:03:47.335480','2023-11-18 11:04:27.086729','COMPLETED',1,0,0,0,0,0,0,0,'COMPLETED','','2023-11-18 11:04:27.091124'),(26,2,'excelStep',28,'2023-11-18 11:07:07.494103','2023-11-18 11:07:07.503176','2023-11-18 11:07:07.823544','FAILED',0,0,0,0,0,0,0,1,'FAILED','org.springframework.dao.InvalidDataAccessResourceUsageException: error performing isolated work [Table \'delivery_batch.menus_seq\' doesn\'t exist] [n/a]; SQL [n/a]\n	at org.springframework.orm.jpa.vendor.HibernateJpaDialect.convertHibernateAccessException(HibernateJpaDialect.java:256)\n	at org.springframework.orm.jpa.vendor.HibernateJpaDialect.translateExceptionIfPossible(HibernateJpaDialect.java:229)\n	at org.springframework.orm.jpa.AbstractEntityManagerFactoryBean.translateExceptionIfPossible(AbstractEntityManagerFactoryBean.java:550)\n	at org.springframework.dao.support.ChainedPersistenceExceptionTranslator.translateExceptionIfPossible(ChainedPersistenceExceptionTranslator.java:61)\n	at org.springframework.dao.support.DataAccessUtils.translateIfNecessary(DataAccessUtils.java:243)\n	at org.springframework.dao.support.PersistenceExceptionTranslationInterceptor.invoke(PersistenceExceptionTranslationInterceptor.java:152)\n	at org.springframework.aop.framework.ReflectiveMethodInvocation.proceed(ReflectiveMethodInvocation.java:184)\n	at org.springframework.data.jpa.repository.support.CrudMethodMetadataPostProcessor$CrudMethodMetadataPopulatingMethodInterceptor.invoke(CrudMethodMetadataPostProcessor.java:164)\n	at org.springframework.aop.framework.ReflectiveMethodInvocation.proceed(ReflectiveMethodInvocation.java:184)\n	at org.springframework.aop.interceptor.ExposeInvocationInterceptor.invoke(ExposeInvocationInterceptor.java:97)\n	at org.springframework.aop.framework.ReflectiveMethodInvocation.proceed(ReflectiveMethodInvocation.java:184)\n	at org.springframework.data.repository.core.support.MethodInvocationValidator.invoke(MethodInvocationValidator.java:94)\n	at org.springframework.aop.framework.ReflectiveMethodInvocation.proceed(ReflectiveMethodInvocation.java:184)\n	at org.springframework.aop.framework.JdkDynamicAopProxy.invoke(JdkDynamicAopProxy.java:244)\n	at jdk.proxy3/jdk.proxy3.$Proxy103.saveAll(Unknown Source)\n	at com.fastcampus.deliverycatalogbatch.config.jobs.excel.ExcelJobConfiguration.excelStep$lambda$2(ExcelJobConfiguration.kt:94)\n	at org.springframework.batch.core.step.tasklet.TaskletStep$ChunkTransactionCallback.doInTransaction(TaskletStep.java:389)\n	at org.springframework.batch.core.step.tasklet.TaskletStep$ChunkTransactionCallback.doInTransaction(TaskletStep.java:313)\n	at org.springframework.transaction.support.TransactionTemplate.execute(TransactionTemplate.java:140)\n	at org.springframework.batch.core.step.tasklet.TaskletStep$2.doInChunkContext(TaskletStep.ja','2023-11-18 11:07:07.826213'),(27,2,'excelStep',29,'2023-11-18 11:14:52.223876','2023-11-18 11:14:52.232011','2023-11-18 11:14:52.512902','FAILED',0,0,0,0,0,0,0,1,'FAILED','java.lang.IllegalStateException: Cannot get a STRING value from a NUMERIC cell\n	at org.apache.poi.xssf.usermodel.XSSFCell.typeMismatch(XSSFCell.java:987)\n	at org.apache.poi.xssf.usermodel.XSSFCell.getRichStringCellValue(XSSFCell.java:336)\n	at org.apache.poi.xssf.usermodel.XSSFCell.getStringCellValue(XSSFCell.java:280)\n	at com.fastcampus.deliverycatalogbatch.config.jobs.excel.ExcelJobConfiguration.excelStep$lambda$3(ExcelJobConfiguration.kt:63)\n	at org.springframework.batch.core.step.tasklet.TaskletStep$ChunkTransactionCallback.doInTransaction(TaskletStep.java:389)\n	at org.springframework.batch.core.step.tasklet.TaskletStep$ChunkTransactionCallback.doInTransaction(TaskletStep.java:313)\n	at org.springframework.transaction.support.TransactionTemplate.execute(TransactionTemplate.java:140)\n	at org.springframework.batch.core.step.tasklet.TaskletStep$2.doInChunkContext(TaskletStep.java:256)\n	at org.springframework.batch.core.scope.context.StepContextRepeatCallback.doInIteration(StepContextRepeatCallback.java:82)\n	at org.springframework.batch.repeat.support.RepeatTemplate.getNextResult(RepeatTemplate.java:362)\n	at org.springframework.batch.repeat.support.RepeatTemplate.executeInternal(RepeatTemplate.java:206)\n	at org.springframework.batch.repeat.support.RepeatTemplate.iterate(RepeatTemplate.java:140)\n	at org.springframework.batch.core.step.tasklet.TaskletStep.doExecute(TaskletStep.java:241)\n	at org.springframework.batch.core.step.AbstractStep.execute(AbstractStep.java:229)\n	at java.base/jdk.internal.reflect.NativeMethodAccessorImpl.invoke0(Native Method)\n	at java.base/jdk.internal.reflect.NativeMethodAccessorImpl.invoke(NativeMethodAccessorImpl.java:77)\n	at java.base/jdk.internal.reflect.DelegatingMethodAccessorImpl.invoke(DelegatingMethodAccessorImpl.java:43)\n	at java.base/java.lang.reflect.Method.invoke(Method.java:568)\n	at org.springframework.aop.support.AopUtils.invokeJoinpointUsingReflection(AopUtils.java:343)\n	at org.springframework.aop.framework.ReflectiveMethodInvocation.invokeJoinpoint(ReflectiveMethodInvocation.java:196)\n	at org.springframework.aop.framework.ReflectiveMethodInvocation.proceed(ReflectiveMethodInvocation.java:163)\n	at org.springframework.aop.support.DelegatingIntroductionInterceptor.doProceed(DelegatingIntroductionInterceptor.java:137)\n	at org.springframework.aop.support.DelegatingIntroductionInterceptor.invoke(DelegatingIntroductionInterceptor.java:124)\n	at org.springframework.aop.framework.ReflectiveMethodInvocation.proceed(ReflectiveMet','2023-11-18 11:14:52.515501'),(28,2,'excelStep',30,'2023-11-18 11:16:06.068782','2023-11-18 11:16:06.090437','2023-11-18 11:16:06.364888','FAILED',0,0,0,0,0,0,0,1,'FAILED','java.lang.NumberFormatException: Character array is missing \"e\" notation exponential mark.\n	at java.base/java.math.BigDecimal.<init>(BigDecimal.java:641)\n	at java.base/java.math.BigDecimal.<init>(BigDecimal.java:467)\n	at java.base/java.math.BigDecimal.<init>(BigDecimal.java:896)\n	at com.fastcampus.deliverycatalogbatch.config.jobs.excel.ExcelJobConfiguration.excelStep$lambda$3(ExcelJobConfiguration.kt:67)\n	at org.springframework.batch.core.step.tasklet.TaskletStep$ChunkTransactionCallback.doInTransaction(TaskletStep.java:389)\n	at org.springframework.batch.core.step.tasklet.TaskletStep$ChunkTransactionCallback.doInTransaction(TaskletStep.java:313)\n	at org.springframework.transaction.support.TransactionTemplate.execute(TransactionTemplate.java:140)\n	at org.springframework.batch.core.step.tasklet.TaskletStep$2.doInChunkContext(TaskletStep.java:256)\n	at org.springframework.batch.core.scope.context.StepContextRepeatCallback.doInIteration(StepContextRepeatCallback.java:82)\n	at org.springframework.batch.repeat.support.RepeatTemplate.getNextResult(RepeatTemplate.java:362)\n	at org.springframework.batch.repeat.support.RepeatTemplate.executeInternal(RepeatTemplate.java:206)\n	at org.springframework.batch.repeat.support.RepeatTemplate.iterate(RepeatTemplate.java:140)\n	at org.springframework.batch.core.step.tasklet.TaskletStep.doExecute(TaskletStep.java:241)\n	at org.springframework.batch.core.step.AbstractStep.execute(AbstractStep.java:229)\n	at java.base/jdk.internal.reflect.NativeMethodAccessorImpl.invoke0(Native Method)\n	at java.base/jdk.internal.reflect.NativeMethodAccessorImpl.invoke(NativeMethodAccessorImpl.java:77)\n	at java.base/jdk.internal.reflect.DelegatingMethodAccessorImpl.invoke(DelegatingMethodAccessorImpl.java:43)\n	at java.base/java.lang.reflect.Method.invoke(Method.java:568)\n	at org.springframework.aop.support.AopUtils.invokeJoinpointUsingReflection(AopUtils.java:343)\n	at org.springframework.aop.framework.ReflectiveMethodInvocation.invokeJoinpoint(ReflectiveMethodInvocation.java:196)\n	at org.springframework.aop.framework.ReflectiveMethodInvocation.proceed(ReflectiveMethodInvocation.java:163)\n	at org.springframework.aop.support.DelegatingIntroductionInterceptor.doProceed(DelegatingIntroductionInterceptor.java:137)\n	at org.springframework.aop.support.DelegatingIntroductionInterceptor.invoke(DelegatingIntroductionInterceptor.java:124)\n	at org.springframework.aop.framework.ReflectiveMethodInvocation.proceed(ReflectiveMethodInvocation.java:184)\n	at org.springfr','2023-11-18 11:16:06.371128'),(29,2,'excelStep',31,'2023-11-18 11:17:03.610558','2023-11-18 11:17:03.619979','2023-11-18 11:17:03.902285','FAILED',0,0,0,0,0,0,0,1,'FAILED','java.lang.NumberFormatException: For input string: \"\"\n	at java.base/java.lang.NumberFormatException.forInputString(NumberFormatException.java:67)\n	at java.base/java.lang.Long.parseLong(Long.java:721)\n	at java.base/java.lang.Long.parseLong(Long.java:836)\n	at com.fastcampus.deliverycatalogbatch.config.jobs.excel.ExcelJobConfiguration.excelStep$lambda$3(ExcelJobConfiguration.kt:64)\n	at org.springframework.batch.core.step.tasklet.TaskletStep$ChunkTransactionCallback.doInTransaction(TaskletStep.java:389)\n	at org.springframework.batch.core.step.tasklet.TaskletStep$ChunkTransactionCallback.doInTransaction(TaskletStep.java:313)\n	at org.springframework.transaction.support.TransactionTemplate.execute(TransactionTemplate.java:140)\n	at org.springframework.batch.core.step.tasklet.TaskletStep$2.doInChunkContext(TaskletStep.java:256)\n	at org.springframework.batch.core.scope.context.StepContextRepeatCallback.doInIteration(StepContextRepeatCallback.java:82)\n	at org.springframework.batch.repeat.support.RepeatTemplate.getNextResult(RepeatTemplate.java:362)\n	at org.springframework.batch.repeat.support.RepeatTemplate.executeInternal(RepeatTemplate.java:206)\n	at org.springframework.batch.repeat.support.RepeatTemplate.iterate(RepeatTemplate.java:140)\n	at org.springframework.batch.core.step.tasklet.TaskletStep.doExecute(TaskletStep.java:241)\n	at org.springframework.batch.core.step.AbstractStep.execute(AbstractStep.java:229)\n	at java.base/jdk.internal.reflect.NativeMethodAccessorImpl.invoke0(Native Method)\n	at java.base/jdk.internal.reflect.NativeMethodAccessorImpl.invoke(NativeMethodAccessorImpl.java:77)\n	at java.base/jdk.internal.reflect.DelegatingMethodAccessorImpl.invoke(DelegatingMethodAccessorImpl.java:43)\n	at java.base/java.lang.reflect.Method.invoke(Method.java:568)\n	at org.springframework.aop.support.AopUtils.invokeJoinpointUsingReflection(AopUtils.java:343)\n	at org.springframework.aop.framework.ReflectiveMethodInvocation.invokeJoinpoint(ReflectiveMethodInvocation.java:196)\n	at org.springframework.aop.framework.ReflectiveMethodInvocation.proceed(ReflectiveMethodInvocation.java:163)\n	at org.springframework.aop.support.DelegatingIntroductionInterceptor.doProceed(DelegatingIntroductionInterceptor.java:137)\n	at org.springframework.aop.support.DelegatingIntroductionInterceptor.invoke(DelegatingIntroductionInterceptor.java:124)\n	at org.springframework.aop.framework.ReflectiveMethodInvocation.proceed(ReflectiveMethodInvocation.java:184)\n	at org.springframework.aop.framework.JdkD','2023-11-18 11:17:03.904531'),(30,3,'excelStep',32,'2023-11-18 11:21:44.092039','2023-11-18 11:21:44.100196','2023-11-18 11:21:44.441264','COMPLETED',1,0,0,0,0,0,0,0,'COMPLETED','','2023-11-18 11:21:44.443071'),(31,3,'excelStep',33,'2023-11-18 11:22:12.972948','2023-11-18 11:22:12.982384','2023-11-18 11:22:13.282282','COMPLETED',1,0,0,0,0,0,0,0,'COMPLETED','','2023-11-18 11:22:13.284956'),(32,3,'excelStep',34,'2023-11-18 11:24:04.642951','2023-11-18 11:24:04.654953','2023-11-18 11:24:04.984894','COMPLETED',1,0,0,0,0,0,0,0,'COMPLETED','','2023-11-18 11:24:05.001500'),(33,3,'excelStep',35,'2023-11-18 11:24:47.933555','2023-11-18 11:24:47.940878','2023-11-18 11:24:48.258836','COMPLETED',1,0,0,0,0,0,0,0,'COMPLETED','','2023-11-18 11:24:48.261200'),(34,3,'excelStep',36,'2023-11-18 11:26:25.956801','2023-11-18 11:26:25.967021','2023-11-18 11:26:26.290967','COMPLETED',1,0,0,0,0,0,0,0,'COMPLETED','','2023-11-18 11:26:26.294310'),(35,3,'excelStep',37,'2023-11-18 11:44:43.372033','2023-11-18 11:44:43.380479','2023-11-18 11:44:43.720861','COMPLETED',1,0,0,0,0,0,0,0,'COMPLETED','','2023-11-18 11:44:43.724253'),(36,3,'excelStep',38,'2023-12-03 23:35:13.395380','2023-12-03 23:35:13.403934','2023-12-03 23:35:13.693916','COMPLETED',1,0,0,0,0,0,0,0,'COMPLETED','','2023-12-03 23:35:13.695780'),(37,3,'excelStep',39,'2023-12-03 23:55:44.261046','2023-12-03 23:55:44.267754','2023-12-03 23:55:44.569504','COMPLETED',1,0,0,0,0,0,0,0,'COMPLETED','','2023-12-03 23:55:44.572044');
/*!40000 ALTER TABLE `BATCH_STEP_EXECUTION` ENABLE KEYS */;
UNLOCK TABLES;

--
-- Table structure for table `BATCH_STEP_EXECUTION_CONTEXT`
--

DROP TABLE IF EXISTS `BATCH_STEP_EXECUTION_CONTEXT`;
/*!40101 SET @saved_cs_client     = @@character_set_client */;
/*!50503 SET character_set_client = utf8mb4 */;
CREATE TABLE `BATCH_STEP_EXECUTION_CONTEXT` (
  `STEP_EXECUTION_ID` bigint NOT NULL,
  `SHORT_CONTEXT` varchar(2500) NOT NULL,
  `SERIALIZED_CONTEXT` text,
  PRIMARY KEY (`STEP_EXECUTION_ID`),
  CONSTRAINT `STEP_EXEC_CTX_FK` FOREIGN KEY (`STEP_EXECUTION_ID`) REFERENCES `BATCH_STEP_EXECUTION` (`STEP_EXECUTION_ID`)
) ENGINE=InnoDB DEFAULT CHARSET=utf8mb4 COLLATE=utf8mb4_0900_ai_ci;
/*!40101 SET character_set_client = @saved_cs_client */;

--
-- Dumping data for table `BATCH_STEP_EXECUTION_CONTEXT`
--

LOCK TABLES `BATCH_STEP_EXECUTION_CONTEXT` WRITE;
/*!40000 ALTER TABLE `BATCH_STEP_EXECUTION_CONTEXT` DISABLE KEYS */;
INSERT INTO `BATCH_STEP_EXECUTION_CONTEXT` VALUES (1,'rO0ABXNyABFqYXZhLnV0aWwuSGFzaE1hcAUH2sHDFmDRAwACRgAKbG9hZEZhY3RvckkACXRocmVzaG9sZHhwP0AAAAAAAAx3CAAAABAAAAADdAARYmF0Y2gudGFza2xldFR5cGV0AGpjb20uZmFzdGNhbXB1cy5kZWxpdmVyeWNhdGFsb2diYXRjaC5jb25maWcuam9icy5oZWxsby5IZWxsb0pvYkNvbmZpZ3VyYXRpb24kJExhbWJkYSQ4NDAvMHgwMDAwMDAwODAwZjM1MDI4dAANYmF0Y2gudmVyc2lvbnQABTUuMC4zdAAOYmF0Y2guc3RlcFR5cGV0ADdvcmcuc3ByaW5nZnJhbWV3b3JrLmJhdGNoLmNvcmUuc3RlcC50YXNrbGV0LlRhc2tsZXRTdGVweA==',NULL),(2,'rO0ABXNyABFqYXZhLnV0aWwuSGFzaE1hcAUH2sHDFmDRAwACRgAKbG9hZEZhY3RvckkACXRocmVzaG9sZHhwP0AAAAAAAAx3CAAAABAAAAADdAARYmF0Y2gudGFza2xldFR5cGV0AD1vcmcuc3ByaW5nZnJhbWV3b3JrLmJhdGNoLmNvcmUuc3RlcC5pdGVtLkNodW5rT3JpZW50ZWRUYXNrbGV0dAANYmF0Y2gudmVyc2lvbnQABTUuMC4zdAAOYmF0Y2guc3RlcFR5cGV0ADdvcmcuc3ByaW5nZnJhbWV3b3JrLmJhdGNoLmNvcmUuc3RlcC50YXNrbGV0LlRhc2tsZXRTdGVweA==',NULL),(3,'rO0ABXNyABFqYXZhLnV0aWwuSGFzaE1hcAUH2sHDFmDRAwACRgAKbG9hZEZhY3RvckkACXRocmVzaG9sZHhwP0AAAAAAAAx3CAAAABAAAAADdAARYmF0Y2gudGFza2xldFR5cGV0AD1vcmcuc3ByaW5nZnJhbWV3b3JrLmJhdGNoLmNvcmUuc3RlcC5pdGVtLkNodW5rT3JpZW50ZWRUYXNrbGV0dAANYmF0Y2gudmVyc2lvbnQABTUuMC4zdAAOYmF0Y2guc3RlcFR5cGV0ADdvcmcuc3ByaW5nZnJhbWV3b3JrLmJhdGNoLmNvcmUuc3RlcC50YXNrbGV0LlRhc2tsZXRTdGVweA==',NULL),(4,'rO0ABXNyABFqYXZhLnV0aWwuSGFzaE1hcAUH2sHDFmDRAwACRgAKbG9hZEZhY3RvckkACXRocmVzaG9sZHhwP0AAAAAAAAx3CAAAABAAAAADdAARYmF0Y2gudGFza2xldFR5cGV0AGtjb20uZmFzdGNhbXB1cy5kZWxpdmVyeWNhdGFsb2diYXRjaC5jb25maWcuam9icy5oZWxsby5IZWxsb0pvYkNvbmZpZ3VyYXRpb24kJExhbWJkYSQxMDg0LzB4MDAwMDAwMDgwMGY4MzEyOHQADWJhdGNoLnZlcnNpb250AAU1LjAuM3QADmJhdGNoLnN0ZXBUeXBldAA3b3JnLnNwcmluZ2ZyYW1ld29yay5iYXRjaC5jb3JlLnN0ZXAudGFza2xldC5UYXNrbGV0U3RlcHg=',NULL),(5,'rO0ABXNyABFqYXZhLnV0aWwuSGFzaE1hcAUH2sHDFmDRAwACRgAKbG9hZEZhY3RvckkACXRocmVzaG9sZHhwP0AAAAAAAAx3CAAAABAAAAADdAARYmF0Y2gudGFza2xldFR5cGV0AD1vcmcuc3ByaW5nZnJhbWV3b3JrLmJhdGNoLmNvcmUuc3RlcC5pdGVtLkNodW5rT3JpZW50ZWRUYXNrbGV0dAANYmF0Y2gudmVyc2lvbnQABTUuMC4zdAAOYmF0Y2guc3RlcFR5cGV0ADdvcmcuc3ByaW5nZnJhbWV3b3JrLmJhdGNoLmNvcmUuc3RlcC50YXNrbGV0LlRhc2tsZXRTdGVweA==',NULL),(6,'rO0ABXNyABFqYXZhLnV0aWwuSGFzaE1hcAUH2sHDFmDRAwACRgAKbG9hZEZhY3RvckkACXRocmVzaG9sZHhwP0AAAAAAAAx3CAAAABAAAAADdAARYmF0Y2gudGFza2xldFR5cGV0AD1vcmcuc3ByaW5nZnJhbWV3b3JrLmJhdGNoLmNvcmUuc3RlcC5pdGVtLkNodW5rT3JpZW50ZWRUYXNrbGV0dAANYmF0Y2gudmVyc2lvbnQABTUuMC4zdAAOYmF0Y2guc3RlcFR5cGV0ADdvcmcuc3ByaW5nZnJhbWV3b3JrLmJhdGNoLmNvcmUuc3RlcC50YXNrbGV0LlRhc2tsZXRTdGVweA==',NULL),(7,'rO0ABXNyABFqYXZhLnV0aWwuSGFzaE1hcAUH2sHDFmDRAwACRgAKbG9hZEZhY3RvckkACXRocmVzaG9sZHhwP0AAAAAAAAx3CAAAABAAAAADdAARYmF0Y2gudGFza2xldFR5cGV0AD1vcmcuc3ByaW5nZnJhbWV3b3JrLmJhdGNoLmNvcmUuc3RlcC5pdGVtLkNodW5rT3JpZW50ZWRUYXNrbGV0dAANYmF0Y2gudmVyc2lvbnQABTUuMC4zdAAOYmF0Y2guc3RlcFR5cGV0ADdvcmcuc3ByaW5nZnJhbWV3b3JrLmJhdGNoLmNvcmUuc3RlcC50YXNrbGV0LlRhc2tsZXRTdGVweA==',NULL),(8,'rO0ABXNyABFqYXZhLnV0aWwuSGFzaE1hcAUH2sHDFmDRAwACRgAKbG9hZEZhY3RvckkACXRocmVzaG9sZHhwP0AAAAAAAAx3CAAAABAAAAADdAARYmF0Y2gudGFza2xldFR5cGV0AD1vcmcuc3ByaW5nZnJhbWV3b3JrLmJhdGNoLmNvcmUuc3RlcC5pdGVtLkNodW5rT3JpZW50ZWRUYXNrbGV0dAANYmF0Y2gudmVyc2lvbnQABTUuMC4zdAAOYmF0Y2guc3RlcFR5cGV0ADdvcmcuc3ByaW5nZnJhbWV3b3JrLmJhdGNoLmNvcmUuc3RlcC50YXNrbGV0LlRhc2tsZXRTdGVweA==',NULL),(9,'rO0ABXNyABFqYXZhLnV0aWwuSGFzaE1hcAUH2sHDFmDRAwACRgAKbG9hZEZhY3RvckkACXRocmVzaG9sZHhwP0AAAAAAAAx3CAAAABAAAAADdAARYmF0Y2gudGFza2xldFR5cGV0AD1vcmcuc3ByaW5nZnJhbWV3b3JrLmJhdGNoLmNvcmUuc3RlcC5pdGVtLkNodW5rT3JpZW50ZWRUYXNrbGV0dAANYmF0Y2gudmVyc2lvbnQABTUuMC4zdAAOYmF0Y2guc3RlcFR5cGV0ADdvcmcuc3ByaW5nZnJhbWV3b3JrLmJhdGNoLmNvcmUuc3RlcC50YXNrbGV0LlRhc2tsZXRTdGVweA==',NULL),(10,'rO0ABXNyABFqYXZhLnV0aWwuSGFzaE1hcAUH2sHDFmDRAwACRgAKbG9hZEZhY3RvckkACXRocmVzaG9sZHhwP0AAAAAAAAx3CAAAABAAAAADdAARYmF0Y2gudGFza2xldFR5cGV0AGtjb20uZmFzdGNhbXB1cy5kZWxpdmVyeWNhdGFsb2diYXRjaC5jb25maWcuam9icy5leGNlbC5FeGNlbEpvYkNvbmZpZ3VyYXRpb24kJExhbWJkYSQxMDg0LzB4MDAwMDAwMDgwMGY4MzE2MHQADWJhdGNoLnZlcnNpb250AAU1LjAuM3QADmJhdGNoLnN0ZXBUeXBldAA3b3JnLnNwcmluZ2ZyYW1ld29yay5iYXRjaC5jb3JlLnN0ZXAudGFza2xldC5UYXNrbGV0U3RlcHg=',NULL),(11,'rO0ABXNyABFqYXZhLnV0aWwuSGFzaE1hcAUH2sHDFmDRAwACRgAKbG9hZEZhY3RvckkACXRocmVzaG9sZHhwP0AAAAAAAAx3CAAAABAAAAADdAARYmF0Y2gudGFza2xldFR5cGV0AGtjb20uZmFzdGNhbXB1cy5kZWxpdmVyeWNhdGFsb2diYXRjaC5jb25maWcuam9icy5leGNlbC5FeGNlbEpvYkNvbmZpZ3VyYXRpb24kJExhbWJkYSQxMDg3LzB4MDAwMDAwMDgwMGY4MmNhOHQADWJhdGNoLnZlcnNpb250AAU1LjAuM3QADmJhdGNoLnN0ZXBUeXBldAA3b3JnLnNwcmluZ2ZyYW1ld29yay5iYXRjaC5jb3JlLnN0ZXAudGFza2xldC5UYXNrbGV0U3RlcHg=',NULL),(12,'rO0ABXNyABFqYXZhLnV0aWwuSGFzaE1hcAUH2sHDFmDRAwACRgAKbG9hZEZhY3RvckkACXRocmVzaG9sZHhwP0AAAAAAAAx3CAAAABAAAAADdAARYmF0Y2gudGFza2xldFR5cGV0AGtjb20uZmFzdGNhbXB1cy5kZWxpdmVyeWNhdGFsb2diYXRjaC5jb25maWcuam9icy5leGNlbC5FeGNlbEpvYkNvbmZpZ3VyYXRpb24kJExhbWJkYSQxMDg3LzB4MDAwMDAwMDgwMGY4MzE2MHQADWJhdGNoLnZlcnNpb250AAU1LjAuM3QADmJhdGNoLnN0ZXBUeXBldAA3b3JnLnNwcmluZ2ZyYW1ld29yay5iYXRjaC5jb3JlLnN0ZXAudGFza2xldC5UYXNrbGV0U3RlcHg=',NULL),(13,'rO0ABXNyABFqYXZhLnV0aWwuSGFzaE1hcAUH2sHDFmDRAwACRgAKbG9hZEZhY3RvckkACXRocmVzaG9sZHhwP0AAAAAAAAx3CAAAABAAAAADdAARYmF0Y2gudGFza2xldFR5cGV0AGtjb20uZmFzdGNhbXB1cy5kZWxpdmVyeWNhdGFsb2diYXRjaC5jb25maWcuam9icy5leGNlbC5FeGNlbEpvYkNvbmZpZ3VyYXRpb24kJExhbWJkYSQxMDg3LzB4MDAwMDAwMDgwMGY4MzE2MHQADWJhdGNoLnZlcnNpb250AAU1LjAuM3QADmJhdGNoLnN0ZXBUeXBldAA3b3JnLnNwcmluZ2ZyYW1ld29yay5iYXRjaC5jb3JlLnN0ZXAudGFza2xldC5UYXNrbGV0U3RlcHg=',NULL),(14,'rO0ABXNyABFqYXZhLnV0aWwuSGFzaE1hcAUH2sHDFmDRAwACRgAKbG9hZEZhY3RvckkACXRocmVzaG9sZHhwP0AAAAAAAAx3CAAAABAAAAADdAARYmF0Y2gudGFza2xldFR5cGV0AGtjb20uZmFzdGNhbXB1cy5kZWxpdmVyeWNhdGFsb2diYXRjaC5jb25maWcuam9icy5leGNlbC5FeGNlbEpvYkNvbmZpZ3VyYXRpb24kJExhbWJkYSQxMDg3LzB4MDAwMDAwMDgwMGY4MzE2MHQADWJhdGNoLnZlcnNpb250AAU1LjAuM3QADmJhdGNoLnN0ZXBUeXBldAA3b3JnLnNwcmluZ2ZyYW1ld29yay5iYXRjaC5jb3JlLnN0ZXAudGFza2xldC5UYXNrbGV0U3RlcHg=',NULL),(15,'rO0ABXNyABFqYXZhLnV0aWwuSGFzaE1hcAUH2sHDFmDRAwACRgAKbG9hZEZhY3RvckkACXRocmVzaG9sZHhwP0AAAAAAAAx3CAAAABAAAAADdAARYmF0Y2gudGFza2xldFR5cGV0AGtjb20uZmFzdGNhbXB1cy5kZWxpdmVyeWNhdGFsb2diYXRjaC5jb25maWcuam9icy5leGNlbC5FeGNlbEpvYkNvbmZpZ3VyYXRpb24kJExhbWJkYSQxMDg3LzB4MDAwMDAwMDgwMGY4MzE2MHQADWJhdGNoLnZlcnNpb250AAU1LjAuM3QADmJhdGNoLnN0ZXBUeXBldAA3b3JnLnNwcmluZ2ZyYW1ld29yay5iYXRjaC5jb3JlLnN0ZXAudGFza2xldC5UYXNrbGV0U3RlcHg=',NULL),(16,'rO0ABXNyABFqYXZhLnV0aWwuSGFzaE1hcAUH2sHDFmDRAwACRgAKbG9hZEZhY3RvckkACXRocmVzaG9sZHhwP0AAAAAAAAx3CAAAABAAAAADdAARYmF0Y2gudGFza2xldFR5cGV0AGtjb20uZmFzdGNhbXB1cy5kZWxpdmVyeWNhdGFsb2diYXRjaC5jb25maWcuam9icy5leGNlbC5FeGNlbEpvYkNvbmZpZ3VyYXRpb24kJExhbWJkYSQxMDg3LzB4MDAwMDAwMDgwMGY4MzE2MHQADWJhdGNoLnZlcnNpb250AAU1LjAuM3QADmJhdGNoLnN0ZXBUeXBldAA3b3JnLnNwcmluZ2ZyYW1ld29yay5iYXRjaC5jb3JlLnN0ZXAudGFza2xldC5UYXNrbGV0U3RlcHg=',NULL),(17,'rO0ABXNyABFqYXZhLnV0aWwuSGFzaE1hcAUH2sHDFmDRAwACRgAKbG9hZEZhY3RvckkACXRocmVzaG9sZHhwP0AAAAAAAAx3CAAAABAAAAADdAARYmF0Y2gudGFza2xldFR5cGV0AGtjb20uZmFzdGNhbXB1cy5kZWxpdmVyeWNhdGFsb2diYXRjaC5jb25maWcuam9icy5leGNlbC5FeGNlbEpvYkNvbmZpZ3VyYXRpb24kJExhbWJkYSQxMDg3LzB4MDAwMDAwMDgwMGY4MzE2MHQADWJhdGNoLnZlcnNpb250AAU1LjAuM3QADmJhdGNoLnN0ZXBUeXBldAA3b3JnLnNwcmluZ2ZyYW1ld29yay5iYXRjaC5jb3JlLnN0ZXAudGFza2xldC5UYXNrbGV0U3RlcHg=',NULL),(18,'rO0ABXNyABFqYXZhLnV0aWwuSGFzaE1hcAUH2sHDFmDRAwACRgAKbG9hZEZhY3RvckkACXRocmVzaG9sZHhwP0AAAAAAAAx3CAAAABAAAAADdAARYmF0Y2gudGFza2xldFR5cGV0AGtjb20uZmFzdGNhbXB1cy5kZWxpdmVyeWNhdGFsb2diYXRjaC5jb25maWcuam9icy5leGNlbC5FeGNlbEpvYkNvbmZpZ3VyYXRpb24kJExhbWJkYSQxMDk3LzB4MDAwMDAwMDgwMGY4MzE2MHQADWJhdGNoLnZlcnNpb250AAU1LjAuM3QADmJhdGNoLnN0ZXBUeXBldAA3b3JnLnNwcmluZ2ZyYW1ld29yay5iYXRjaC5jb3JlLnN0ZXAudGFza2xldC5UYXNrbGV0U3RlcHg=',NULL),(19,'rO0ABXNyABFqYXZhLnV0aWwuSGFzaE1hcAUH2sHDFmDRAwACRgAKbG9hZEZhY3RvckkACXRocmVzaG9sZHhwP0AAAAAAAAx3CAAAABAAAAADdAARYmF0Y2gudGFza2xldFR5cGV0AGtjb20uZmFzdGNhbXB1cy5kZWxpdmVyeWNhdGFsb2diYXRjaC5jb25maWcuam9icy5leGNlbC5FeGNlbEpvYkNvbmZpZ3VyYXRpb24kJExhbWJkYSQxMDk3LzB4MDAwMDAwMDgwMGY4MzE2MHQADWJhdGNoLnZlcnNpb250AAU1LjAuM3QADmJhdGNoLnN0ZXBUeXBldAA3b3JnLnNwcmluZ2ZyYW1ld29yay5iYXRjaC5jb3JlLnN0ZXAudGFza2xldC5UYXNrbGV0U3RlcHg=',NULL),(20,'rO0ABXNyABFqYXZhLnV0aWwuSGFzaE1hcAUH2sHDFmDRAwACRgAKbG9hZEZhY3RvckkACXRocmVzaG9sZHhwP0AAAAAAAAx3CAAAABAAAAADdAARYmF0Y2gudGFza2xldFR5cGV0AGtjb20uZmFzdGNhbXB1cy5kZWxpdmVyeWNhdGFsb2diYXRjaC5jb25maWcuam9icy5leGNlbC5FeGNlbEpvYkNvbmZpZ3VyYXRpb24kJExhbWJkYSQxMDk3LzB4MDAwMDAwMDgwMGY5M2RjMHQADWJhdGNoLnZlcnNpb250AAU1LjAuM3QADmJhdGNoLnN0ZXBUeXBldAA3b3JnLnNwcmluZ2ZyYW1ld29yay5iYXRjaC5jb3JlLnN0ZXAudGFza2xldC5UYXNrbGV0U3RlcHg=',NULL),(21,'rO0ABXNyABFqYXZhLnV0aWwuSGFzaE1hcAUH2sHDFmDRAwACRgAKbG9hZEZhY3RvckkACXRocmVzaG9sZHhwP0AAAAAAAAx3CAAAABAAAAADdAARYmF0Y2gudGFza2xldFR5cGV0AGtjb20uZmFzdGNhbXB1cy5kZWxpdmVyeWNhdGFsb2diYXRjaC5jb25maWcuam9icy5leGNlbC5FeGNlbEpvYkNvbmZpZ3VyYXRpb24kJExhbWJkYSQxMDk4LzB4MDAwMDAwMDgwMGY4MmNhOHQADWJhdGNoLnZlcnNpb250AAU1LjAuM3QADmJhdGNoLnN0ZXBUeXBldAA3b3JnLnNwcmluZ2ZyYW1ld29yay5iYXRjaC5jb3JlLnN0ZXAudGFza2xldC5UYXNrbGV0U3RlcHg=',NULL),(22,'rO0ABXNyABFqYXZhLnV0aWwuSGFzaE1hcAUH2sHDFmDRAwACRgAKbG9hZEZhY3RvckkACXRocmVzaG9sZHhwP0AAAAAAAAx3CAAAABAAAAADdAARYmF0Y2gudGFza2xldFR5cGV0AGtjb20uZmFzdGNhbXB1cy5kZWxpdmVyeWNhdGFsb2diYXRjaC5jb25maWcuam9icy5leGNlbC5FeGNlbEpvYkNvbmZpZ3VyYXRpb24kJExhbWJkYSQxMTAwLzB4MDAwMDAwMDgwMGY4MzE2MHQADWJhdGNoLnZlcnNpb250AAU1LjAuM3QADmJhdGNoLnN0ZXBUeXBldAA3b3JnLnNwcmluZ2ZyYW1ld29yay5iYXRjaC5jb3JlLnN0ZXAudGFza2xldC5UYXNrbGV0U3RlcHg=',NULL),(23,'rO0ABXNyABFqYXZhLnV0aWwuSGFzaE1hcAUH2sHDFmDRAwACRgAKbG9hZEZhY3RvckkACXRocmVzaG9sZHhwP0AAAAAAAAx3CAAAABAAAAADdAARYmF0Y2gudGFza2xldFR5cGV0AGtjb20uZmFzdGNhbXB1cy5kZWxpdmVyeWNhdGFsb2diYXRjaC5jb25maWcuam9icy5leGNlbC5FeGNlbEpvYkNvbmZpZ3VyYXRpb24kJExhbWJkYSQxMTAwLzB4MDAwMDAwMDgwMGY4YWNhOHQADWJhdGNoLnZlcnNpb250AAU1LjAuM3QADmJhdGNoLnN0ZXBUeXBldAA3b3JnLnNwcmluZ2ZyYW1ld29yay5iYXRjaC5jb3JlLnN0ZXAudGFza2xldC5UYXNrbGV0U3RlcHg=',NULL),(24,'rO0ABXNyABFqYXZhLnV0aWwuSGFzaE1hcAUH2sHDFmDRAwACRgAKbG9hZEZhY3RvckkACXRocmVzaG9sZHhwP0AAAAAAAAx3CAAAABAAAAADdAARYmF0Y2gudGFza2xldFR5cGV0AGtjb20uZmFzdGNhbXB1cy5kZWxpdmVyeWNhdGFsb2diYXRjaC5jb25maWcuam9icy5leGNlbC5FeGNlbEpvYkNvbmZpZ3VyYXRpb24kJExhbWJkYSQxMTAyLzB4MDAwMDAwMDgwMGY4MzE2MHQADWJhdGNoLnZlcnNpb250AAU1LjAuM3QADmJhdGNoLnN0ZXBUeXBldAA3b3JnLnNwcmluZ2ZyYW1ld29yay5iYXRjaC5jb3JlLnN0ZXAudGFza2xldC5UYXNrbGV0U3RlcHg=',NULL),(25,'rO0ABXNyABFqYXZhLnV0aWwuSGFzaE1hcAUH2sHDFmDRAwACRgAKbG9hZEZhY3RvckkACXRocmVzaG9sZHhwP0AAAAAAAAx3CAAAABAAAAADdAARYmF0Y2gudGFza2xldFR5cGV0AGtjb20uZmFzdGNhbXB1cy5kZWxpdmVyeWNhdGFsb2diYXRjaC5jb25maWcuam9icy5leGNlbC5FeGNlbEpvYkNvbmZpZ3VyYXRpb24kJExhbWJkYSQxMTAzLzB4MDAwMDAwMDgwMTM4MDI0OHQADWJhdGNoLnZlcnNpb250AAU1LjAuM3QADmJhdGNoLnN0ZXBUeXBldAA3b3JnLnNwcmluZ2ZyYW1ld29yay5iYXRjaC5jb3JlLnN0ZXAudGFza2xldC5UYXNrbGV0U3RlcHg=',NULL),(26,'rO0ABXNyABFqYXZhLnV0aWwuSGFzaE1hcAUH2sHDFmDRAwACRgAKbG9hZEZhY3RvckkACXRocmVzaG9sZHhwP0AAAAAAAAx3CAAAABAAAAADdAARYmF0Y2gudGFza2xldFR5cGV0AGtjb20uZmFzdGNhbXB1cy5kZWxpdmVyeWNhdGFsb2diYXRjaC5jb25maWcuam9icy5leGNlbC5FeGNlbEpvYkNvbmZpZ3VyYXRpb24kJExhbWJkYSQxMTE1LzB4MDAwMDAwMDgwMGY4ZjNlOHQADWJhdGNoLnZlcnNpb250AAU1LjAuM3QADmJhdGNoLnN0ZXBUeXBldAA3b3JnLnNwcmluZ2ZyYW1ld29yay5iYXRjaC5jb3JlLnN0ZXAudGFza2xldC5UYXNrbGV0U3RlcHg=',NULL),(27,'rO0ABXNyABFqYXZhLnV0aWwuSGFzaE1hcAUH2sHDFmDRAwACRgAKbG9hZEZhY3RvckkACXRocmVzaG9sZHhwP0AAAAAAAAx3CAAAABAAAAADdAARYmF0Y2gudGFza2xldFR5cGV0AGtjb20uZmFzdGNhbXB1cy5kZWxpdmVyeWNhdGFsb2diYXRjaC5jb25maWcuam9icy5leGNlbC5FeGNlbEpvYkNvbmZpZ3VyYXRpb24kJExhbWJkYSQxMTAyLzB4MDAwMDAwMDgwMTJjZGI3MHQADWJhdGNoLnZlcnNpb250AAU1LjAuM3QADmJhdGNoLnN0ZXBUeXBldAA3b3JnLnNwcmluZ2ZyYW1ld29yay5iYXRjaC5jb3JlLnN0ZXAudGFza2xldC5UYXNrbGV0U3RlcHg=',NULL),(28,'rO0ABXNyABFqYXZhLnV0aWwuSGFzaE1hcAUH2sHDFmDRAwACRgAKbG9hZEZhY3RvckkACXRocmVzaG9sZHhwP0AAAAAAAAx3CAAAABAAAAADdAARYmF0Y2gudGFza2xldFR5cGV0AGtjb20uZmFzdGNhbXB1cy5kZWxpdmVyeWNhdGFsb2diYXRjaC5jb25maWcuam9icy5leGNlbC5FeGNlbEpvYkNvbmZpZ3VyYXRpb24kJExhbWJkYSQxMTAyLzB4MDAwMDAwMDgwMGY4MzE2MHQADWJhdGNoLnZlcnNpb250AAU1LjAuM3QADmJhdGNoLnN0ZXBUeXBldAA3b3JnLnNwcmluZ2ZyYW1ld29yay5iYXRjaC5jb3JlLnN0ZXAudGFza2xldC5UYXNrbGV0U3RlcHg=',NULL),(29,'rO0ABXNyABFqYXZhLnV0aWwuSGFzaE1hcAUH2sHDFmDRAwACRgAKbG9hZEZhY3RvckkACXRocmVzaG9sZHhwP0AAAAAAAAx3CAAAABAAAAADdAARYmF0Y2gudGFza2xldFR5cGV0AGtjb20uZmFzdGNhbXB1cy5kZWxpdmVyeWNhdGFsb2diYXRjaC5jb25maWcuam9icy5leGNlbC5FeGNlbEpvYkNvbmZpZ3VyYXRpb24kJExhbWJkYSQxMTAyLzB4MDAwMDAwMDgwMGY4MzE2MHQADWJhdGNoLnZlcnNpb250AAU1LjAuM3QADmJhdGNoLnN0ZXBUeXBldAA3b3JnLnNwcmluZ2ZyYW1ld29yay5iYXRjaC5jb3JlLnN0ZXAudGFza2xldC5UYXNrbGV0U3RlcHg=',NULL),(30,'rO0ABXNyABFqYXZhLnV0aWwuSGFzaE1hcAUH2sHDFmDRAwACRgAKbG9hZEZhY3RvckkACXRocmVzaG9sZHhwP0AAAAAAAAx3CAAAABAAAAADdAARYmF0Y2gudGFza2xldFR5cGV0AGtjb20uZmFzdGNhbXB1cy5kZWxpdmVyeWNhdGFsb2diYXRjaC5jb25maWcuam9icy5leGNlbC5FeGNlbEpvYkNvbmZpZ3VyYXRpb24kJExhbWJkYSQxMTAyLzB4MDAwMDAwMDgwMGY4MmNhOHQADWJhdGNoLnZlcnNpb250AAU1LjAuM3QADmJhdGNoLnN0ZXBUeXBldAA3b3JnLnNwcmluZ2ZyYW1ld29yay5iYXRjaC5jb3JlLnN0ZXAudGFza2xldC5UYXNrbGV0U3RlcHg=',NULL),(31,'rO0ABXNyABFqYXZhLnV0aWwuSGFzaE1hcAUH2sHDFmDRAwACRgAKbG9hZEZhY3RvckkACXRocmVzaG9sZHhwP0AAAAAAAAx3CAAAABAAAAADdAARYmF0Y2gudGFza2xldFR5cGV0AGtjb20uZmFzdGNhbXB1cy5kZWxpdmVyeWNhdGFsb2diYXRjaC5jb25maWcuam9icy5leGNlbC5FeGNlbEpvYkNvbmZpZ3VyYXRpb24kJExhbWJkYSQxMTAyLzB4MDAwMDAwMDgwMGY4MmNhOHQADWJhdGNoLnZlcnNpb250AAU1LjAuM3QADmJhdGNoLnN0ZXBUeXBldAA3b3JnLnNwcmluZ2ZyYW1ld29yay5iYXRjaC5jb3JlLnN0ZXAudGFza2xldC5UYXNrbGV0U3RlcHg=',NULL),(32,'rO0ABXNyABFqYXZhLnV0aWwuSGFzaE1hcAUH2sHDFmDRAwACRgAKbG9hZEZhY3RvckkACXRocmVzaG9sZHhwP0AAAAAAAAx3CAAAABAAAAADdAARYmF0Y2gudGFza2xldFR5cGV0AGtjb20uZmFzdGNhbXB1cy5kZWxpdmVyeWNhdGFsb2diYXRjaC5jb25maWcuam9icy5leGNlbC5FeGNlbEpvYkNvbmZpZ3VyYXRpb24kJExhbWJkYSQxMTAyLzB4MDAwMDAwMDgwMGY4MmNhOHQADWJhdGNoLnZlcnNpb250AAU1LjAuM3QADmJhdGNoLnN0ZXBUeXBldAA3b3JnLnNwcmluZ2ZyYW1ld29yay5iYXRjaC5jb3JlLnN0ZXAudGFza2xldC5UYXNrbGV0U3RlcHg=',NULL),(33,'rO0ABXNyABFqYXZhLnV0aWwuSGFzaE1hcAUH2sHDFmDRAwACRgAKbG9hZEZhY3RvckkACXRocmVzaG9sZHhwP0AAAAAAAAx3CAAAABAAAAADdAARYmF0Y2gudGFza2xldFR5cGV0AGtjb20uZmFzdGNhbXB1cy5kZWxpdmVyeWNhdGFsb2diYXRjaC5jb25maWcuam9icy5leGNlbC5FeGNlbEpvYkNvbmZpZ3VyYXRpb24kJExhbWJkYSQxMTAyLzB4MDAwMDAwMDgwMGY4MmNhOHQADWJhdGNoLnZlcnNpb250AAU1LjAuM3QADmJhdGNoLnN0ZXBUeXBldAA3b3JnLnNwcmluZ2ZyYW1ld29yay5iYXRjaC5jb3JlLnN0ZXAudGFza2xldC5UYXNrbGV0U3RlcHg=',NULL),(34,'rO0ABXNyABFqYXZhLnV0aWwuSGFzaE1hcAUH2sHDFmDRAwACRgAKbG9hZEZhY3RvckkACXRocmVzaG9sZHhwP0AAAAAAAAx3CAAAABAAAAADdAARYmF0Y2gudGFza2xldFR5cGV0AGtjb20uZmFzdGNhbXB1cy5kZWxpdmVyeWNhdGFsb2diYXRjaC5jb25maWcuam9icy5leGNlbC5FeGNlbEpvYkNvbmZpZ3VyYXRpb24kJExhbWJkYSQxMTAyLzB4MDAwMDAwMDgwMGY4MmNhOHQADWJhdGNoLnZlcnNpb250AAU1LjAuM3QADmJhdGNoLnN0ZXBUeXBldAA3b3JnLnNwcmluZ2ZyYW1ld29yay5iYXRjaC5jb3JlLnN0ZXAudGFza2xldC5UYXNrbGV0U3RlcHg=',NULL),(35,'rO0ABXNyABFqYXZhLnV0aWwuSGFzaE1hcAUH2sHDFmDRAwACRgAKbG9hZEZhY3RvckkACXRocmVzaG9sZHhwP0AAAAAAAAx3CAAAABAAAAADdAARYmF0Y2gudGFza2xldFR5cGV0AGtjb20uZmFzdGNhbXB1cy5kZWxpdmVyeWNhdGFsb2diYXRjaC5jb25maWcuam9icy5leGNlbC5FeGNlbEpvYkNvbmZpZ3VyYXRpb24kJExhbWJkYSQxMTAyLzB4MDAwMDAwMDgwMGY4MmNhOHQADWJhdGNoLnZlcnNpb250AAU1LjAuM3QADmJhdGNoLnN0ZXBUeXBldAA3b3JnLnNwcmluZ2ZyYW1ld29yay5iYXRjaC5jb3JlLnN0ZXAudGFza2xldC5UYXNrbGV0U3RlcHg=',NULL),(36,'rO0ABXNyABFqYXZhLnV0aWwuSGFzaE1hcAUH2sHDFmDRAwACRgAKbG9hZEZhY3RvckkACXRocmVzaG9sZHhwP0AAAAAAAAx3CAAAABAAAAADdAARYmF0Y2gudGFza2xldFR5cGV0AGtjb20uZmFzdGNhbXB1cy5kZWxpdmVyeWNhdGFsb2diYXRjaC5jb25maWcuam9icy5leGNlbC5FeGNlbEpvYkNvbmZpZ3VyYXRpb24kJExhbWJkYSQxMDkzLzB4MDAwMDAwMDgwMTM2ODAwMHQADWJhdGNoLnZlcnNpb250AAU1LjAuM3QADmJhdGNoLnN0ZXBUeXBldAA3b3JnLnNwcmluZ2ZyYW1ld29yay5iYXRjaC5jb3JlLnN0ZXAudGFza2xldC5UYXNrbGV0U3RlcHg=',NULL),(37,'rO0ABXNyABFqYXZhLnV0aWwuSGFzaE1hcAUH2sHDFmDRAwACRgAKbG9hZEZhY3RvckkACXRocmVzaG9sZHhwP0AAAAAAAAx3CAAAABAAAAADdAARYmF0Y2gudGFza2xldFR5cGV0AGtjb20uZmFzdGNhbXB1cy5kZWxpdmVyeWNhdGFsb2diYXRjaC5jb25maWcuam9icy5leGNlbC5FeGNlbEpvYkNvbmZpZ3VyYXRpb24kJExhbWJkYSQxMTAxLzB4MDAwMDAwMDgwMTM3MDAwMHQADWJhdGNoLnZlcnNpb250AAU1LjAuM3QADmJhdGNoLnN0ZXBUeXBldAA3b3JnLnNwcmluZ2ZyYW1ld29yay5iYXRjaC5jb3JlLnN0ZXAudGFza2xldC5UYXNrbGV0U3RlcHg=',NULL);
/*!40000 ALTER TABLE `BATCH_STEP_EXECUTION_CONTEXT` ENABLE KEYS */;
UNLOCK TABLES;

--
-- Table structure for table `BATCH_STEP_EXECUTION_SEQ`
--

DROP TABLE IF EXISTS `BATCH_STEP_EXECUTION_SEQ`;
/*!40101 SET @saved_cs_client     = @@character_set_client */;
/*!50503 SET character_set_client = utf8mb4 */;
CREATE TABLE `BATCH_STEP_EXECUTION_SEQ` (
  `ID` bigint NOT NULL,
  `UNIQUE_KEY` char(1) NOT NULL,
  UNIQUE KEY `UNIQUE_KEY_UN` (`UNIQUE_KEY`)
) ENGINE=InnoDB DEFAULT CHARSET=utf8mb4 COLLATE=utf8mb4_0900_ai_ci;
/*!40101 SET character_set_client = @saved_cs_client */;

--
-- Dumping data for table `BATCH_STEP_EXECUTION_SEQ`
--

LOCK TABLES `BATCH_STEP_EXECUTION_SEQ` WRITE;
/*!40000 ALTER TABLE `BATCH_STEP_EXECUTION_SEQ` DISABLE KEYS */;
INSERT INTO `BATCH_STEP_EXECUTION_SEQ` VALUES (37,'0');
/*!40000 ALTER TABLE `BATCH_STEP_EXECUTION_SEQ` ENABLE KEYS */;
UNLOCK TABLES;

--
-- Dumping routines for database 'delivery_batch'
--
/*!40103 SET TIME_ZONE=@OLD_TIME_ZONE */;

/*!40101 SET SQL_MODE=@OLD_SQL_MODE */;
/*!40014 SET FOREIGN_KEY_CHECKS=@OLD_FOREIGN_KEY_CHECKS */;
/*!40014 SET UNIQUE_CHECKS=@OLD_UNIQUE_CHECKS */;
/*!40101 SET CHARACTER_SET_CLIENT=@OLD_CHARACTER_SET_CLIENT */;
/*!40101 SET CHARACTER_SET_RESULTS=@OLD_CHARACTER_SET_RESULTS */;
/*!40101 SET COLLATION_CONNECTION=@OLD_COLLATION_CONNECTION */;
/*!40111 SET SQL_NOTES=@OLD_SQL_NOTES */;

-- Dump completed on 2023-12-12 23:50:35
